"","year","location","num_of_records","fetal_deathrate","fetaldeath_staterate","fetal_deaths","infant_deathrate","infantdeath_staterate","infant_deaths","live_births"
"1",1990,"Adams",1,NA,5,NA,NA,7,NA,272
"2",1990,"Asotin",1,NA,5,NA,NA,7,NA,271
"3",1990,"Benton",1,NA,5,NA,11,7,22,1925
"4",1990,"Chelan",1,NA,5,NA,NA,7,10,1001
"5",1990,"Clallam",1,NA,5,NA,NA,7,NA,759
"6",1990,"Clark",1,NA,5,11,5,7,22,4078
"7",1990,"Columbia",1,0,5,0,0,7,0,52
"8",1990,"Cowlitz",1,NA,5,NA,NA,7,14,1364
"9",1990,"Douglas",1,NA,5,NA,NA,7,NA,447
"10",1990,"Ferry",1,0,5,0,NA,7,NA,85
"11",1990,"Franklin",1,NA,5,NA,NA,7,NA,910
"12",1990,"Garfield",1,0,5,0,0,7,0,21
"13",1990,"Grant",1,NA,5,NA,NA,7,12,997
"14",1990,"Grays Harbor",1,NA,5,NA,NA,7,NA,952
"15",1990,"Island",1,NA,5,NA,NA,7,NA,1071
"16",1990,"Jefferson",1,NA,5,NA,NA,7,NA,216
"17",1990,"King",1,6,5,145,6,7,157,23104
"18",1990,"Kitsap",1,5,5,18,7,7,24,3413
"19",1990,"Kittitas",1,0,5,0,NA,7,NA,325
"20",1990,"Klickitat",1,0,5,0,NA,7,NA,235
"21",1990,"Lewis",1,NA,5,NA,NA,7,NA,886
"22",1990,"Lincoln",1,NA,5,NA,0,7,0,97
"23",1990,"Mason",1,NA,5,NA,NA,7,NA,509
"24",1990,"Okanogan",1,NA,5,NA,NA,7,NA,560
"25",1990,"Pacific",1,NA,5,NA,NA,7,NA,230
"26",1990,"Pend Oreille",1,NA,5,NA,NA,7,NA,139
"27",1990,"Pierce",1,5,5,60,9,7,98,10570
"28",1990,"San Juan",1,0,5,0,0,7,0,106
"29",1990,"Skagit",1,NA,5,NA,NA,7,10,1234
"30",1990,"Skamania",1,0,5,0,NA,7,NA,101
"31",1990,"Snohomish",1,4,5,39,5,7,49,8286
"32",1990,"Spokane",1,6,5,36,6,7,37,5591
"33",1990,"Stevens",1,NA,5,NA,NA,7,NA,400
"34",1990,"Thurston",1,NA,5,10,7,7,17,2367
"35",1990,"Wahkiakum",1,0,5,0,0,7,0,26
"36",1990,"Walla Walla",1,NA,5,NA,NA,7,NA,665
"37",1990,"Whatcom",1,NA,5,11,NA,7,14,1774
"38",1990,"Whitman",1,NA,5,NA,NA,7,NA,402
"39",1990,"Yakima",1,8,5,33,11,7,45,4027
"40",1991,"State Total",1,5,5,421,7,7,603,79962
"41",1991,"Adams",1,NA,5,NA,NA,7,NA,317
"42",1991,"Asotin",1,NA,5,NA,NA,7,NA,258
"43",1991,"Benton",1,NA,5,12,NA,7,13,1940
"44",1991,"Chelan",1,NA,5,NA,NA,7,NA,929
"45",1991,"Clallam",1,NA,5,NA,NA,7,NA,736
"46",1991,"Clark",1,NA,5,14,5,7,24,4042
"47",1991,"Columbia",1,0,5,0,0,7,0,49
"48",1991,"Cowlitz",1,NA,5,NA,NA,7,13,1316
"49",1991,"Douglas",1,NA,5,NA,NA,7,NA,406
"50",1991,"Ferry",1,0,5,0,NA,7,NA,94
"51",1991,"Franklin",1,NA,5,NA,NA,7,13,964
"52",1991,"Garfield",1,0,5,0,0,7,0,26
"53",1991,"Grant",1,NA,5,NA,NA,7,NA,1100
"54",1991,"Grays Harbor",1,NA,5,NA,NA,7,NA,993
"55",1991,"Island",1,NA,5,NA,NA,7,15,1032
"56",1991,"Jefferson",1,NA,5,NA,NA,7,NA,248
"57",1991,"King",1,5,5,136,7,7,167,23002
"58",1991,"Kitsap",1,NA,5,11,8,7,31,3484
"59",1991,"Kittitas",1,0,5,0,NA,7,NA,332
"60",1991,"Klickitat",1,NA,5,NA,NA,7,NA,234
"61",1991,"Lewis",1,NA,5,NA,NA,7,11,892
"62",1991,"Lincoln",1,NA,5,NA,0,7,0,94
"63",1991,"Mason",1,NA,5,NA,NA,7,NA,490
"64",1991,"Okanogan",1,NA,5,NA,NA,7,NA,581
"65",1991,"Pacific",1,0,5,0,0,7,0,205
"66",1991,"Pend Oreille",1,0,5,0,NA,7,NA,131
"67",1991,"Pierce",1,4,5,51,8,7,91,10312
"68",1991,"San Juan",1,0,5,0,NA,7,NA,111
"69",1991,"Skagit",1,NA,5,NA,NA,7,NA,1265
"70",1991,"Skamania",1,0,5,0,0,7,0,110
"71",1991,"Snohomish",1,4,5,40,5,7,41,8224
"72",1991,"Spokane",1,7,5,46,8,7,48,5844
"73",1991,"Stevens",1,NA,5,NA,NA,7,NA,393
"74",1991,"Thurston",1,NA,5,NA,7,7,19,2442
"75",1991,"Wahkiakum",1,0,5,0,0,7,0,38
"76",1991,"Walla Walla",1,NA,5,NA,NA,7,NA,720
"77",1991,"Whatcom",1,NA,5,10,NA,7,10,1953
"78",1991,"Whitman",1,NA,5,NA,NA,7,NA,424
"79",1991,"Yakima",1,6,5,26,9,7,42,4231
"80",1992,"State Total",1,5,5,446,6,6,539,79897
"81",1992,"Adams",1,NA,5,NA,NA,6,NA,291
"82",1992,"Asotin",1,NA,5,NA,0,6,0,284
"83",1992,"Benton",1,NA,5,10,NA,6,11,1932
"84",1992,"Chelan",1,NA,5,NA,NA,6,NA,998
"85",1992,"Clallam",1,NA,5,NA,NA,6,NA,665
"86",1992,"Clark",1,NA,5,NA,8,6,32,4025
"87",1992,"Columbia",1,0,5,0,0,6,0,50
"88",1992,"Cowlitz",1,NA,5,NA,NA,6,12,1261
"89",1992,"Douglas",1,NA,5,NA,NA,6,NA,414
"90",1992,"Ferry",1,NA,5,NA,NA,6,NA,90
"91",1992,"Franklin",1,NA,5,NA,NA,6,10,972
"92",1992,"Garfield",1,0,5,0,0,6,0,20
"93",1992,"Grant",1,NA,5,NA,NA,6,NA,1115
"94",1992,"Grays Harbor",1,NA,5,NA,NA,6,NA,938
"95",1992,"Island",1,NA,5,NA,NA,6,NA,1077
"96",1992,"Jefferson",1,0,5,0,NA,6,NA,233
"97",1992,"King",1,5,5,124,6,6,139,23188
"98",1992,"Kitsap",1,6,5,22,6,6,24,3568
"99",1992,"Kittitas",1,NA,5,NA,NA,6,NA,309
"100",1992,"Klickitat",1,0,5,0,NA,6,NA,242
"101",1992,"Lewis",1,NA,5,NA,NA,6,NA,826
"102",1992,"Lincoln",1,0,5,0,0,6,0,89
"103",1992,"Mason",1,NA,5,NA,NA,6,NA,506
"104",1992,"Okanogan",1,NA,5,NA,NA,6,NA,534
"105",1992,"Pacific",1,NA,5,NA,NA,6,NA,222
"106",1992,"Pend Oreille",1,NA,5,NA,0,6,0,141
"107",1992,"Pierce",1,6,5,64,7,6,80,10398
"108",1992,"San Juan",1,NA,5,NA,NA,6,NA,114
"109",1992,"Skagit",1,NA,5,NA,NA,6,NA,1338
"110",1992,"Skamania",1,0,5,0,0,6,0,83
"111",1992,"Snohomish",1,3,5,30,4,6,40,8128
"112",1992,"Spokane",1,7,5,40,6,6,36,5595
"113",1992,"Stevens",1,NA,5,NA,NA,6,NA,442
"114",1992,"Thurston",1,NA,5,16,NA,6,10,2482
"115",1992,"Wahkiakum",1,NA,5,NA,0,6,0,27
"116",1992,"Walla Walla",1,NA,5,NA,NA,6,NA,743
"117",1992,"Whatcom",1,NA,5,14,NA,6,11,1840
"118",1992,"Whitman",1,NA,5,NA,NA,6,NA,391
"119",1992,"Yakima",1,6,5,26,9,6,41,4326
"120",1993,"State Total",1,5,5,390,6,6,495,78771
"121",1993,"Adams",1,NA,5,NA,NA,6,NA,339
"122",1993,"Asotin",1,0,5,0,NA,6,NA,255
"123",1993,"Benton",1,NA,5,NA,NA,6,16,1976
"124",1993,"Chelan",1,NA,5,NA,NA,6,NA,938
"125",1993,"Clallam",1,NA,5,NA,NA,6,NA,686
"126",1993,"Clark",1,NA,5,11,5,6,22,4132
"127",1993,"Columbia",1,0,5,0,0,6,0,47
"128",1993,"Cowlitz",1,NA,5,NA,NA,6,10,1232
"129",1993,"Douglas",1,NA,5,NA,0,6,0,443
"130",1993,"Ferry",1,NA,5,NA,NA,6,NA,79
"131",1993,"Franklin",1,NA,5,NA,NA,6,NA,965
"132",1993,"Garfield",1,0,5,0,0,6,0,21
"133",1993,"Grant",1,NA,5,NA,NA,6,NA,1161
"134",1993,"Grays Harbor",1,NA,5,NA,NA,6,NA,861
"135",1993,"Island",1,NA,5,NA,NA,6,NA,1028
"136",1993,"Jefferson",1,NA,5,NA,NA,6,NA,236
"137",1993,"King",1,5,5,125,5,6,123,22355
"138",1993,"Kitsap",1,5,5,18,5,6,17,3101
"139",1993,"Kittitas",1,NA,5,NA,NA,6,NA,305
"140",1993,"Klickitat",1,NA,5,NA,NA,6,NA,239
"141",1993,"Lewis",1,NA,5,NA,NA,6,NA,815
"142",1993,"Lincoln",1,0,5,0,0,6,0,117
"143",1993,"Mason",1,NA,5,NA,NA,6,NA,500
"144",1993,"Okanogan",1,NA,5,NA,NA,6,NA,588
"145",1993,"Pacific",1,NA,5,NA,NA,6,NA,239
"146",1993,"Pend Oreille",1,0,5,0,NA,6,NA,140
"147",1993,"Pierce",1,4,5,49,7,6,74,10228
"148",1993,"San Juan",1,NA,5,NA,0,6,0,103
"149",1993,"Skagit",1,NA,5,NA,NA,6,NA,1255
"150",1993,"Skamania",1,0,5,0,NA,6,NA,95
"151",1993,"Snohomish",1,3,5,26,5,6,47,8062
"152",1993,"Spokane",1,5,5,30,7,6,44,5781
"153",1993,"Stevens",1,NA,5,NA,NA,6,NA,414
"154",1993,"Thurston",1,7,5,18,NA,6,10,2467
"155",1993,"Wahkiakum",1,0,5,0,0,6,0,32
"156",1993,"Walla Walla",1,NA,5,NA,NA,6,NA,731
"157",1993,"Whatcom",1,NA,5,10,NA,6,11,1986
"158",1993,"Whitman",1,NA,5,NA,NA,6,NA,444
"159",1993,"Yakima",1,8,5,37,8,6,37,4375
"160",1994,"State Total",1,5,5,438,6,6,478,77368
"161",1994,"Adams",1,NA,5,NA,NA,6,NA,293
"162",1994,"Asotin",1,NA,5,NA,NA,6,NA,238
"163",1994,"Benton",1,NA,5,10,NA,6,13,1952
"164",1994,"Chelan",1,NA,5,NA,NA,6,NA,1009
"165",1994,"Clallam",1,NA,5,NA,NA,6,NA,601
"166",1994,"Clark",1,4,5,20,6,6,26,4338
"167",1994,"Columbia",1,0,5,0,NA,6,NA,46
"168",1994,"Cowlitz",1,NA,5,NA,NA,6,10,1211
"169",1994,"Douglas",1,NA,5,NA,NA,6,NA,462
"170",1994,"Ferry",1,NA,5,NA,NA,6,NA,88
"171",1994,"Franklin",1,NA,5,10,NA,6,NA,985
"172",1994,"Garfield",1,0,5,0,0,6,0,15
"173",1994,"Grant",1,14,5,17,NA,6,NA,1149
"174",1994,"Grays Harbor",1,NA,5,NA,NA,6,NA,844
"175",1994,"Island",1,NA,5,11,NA,6,NA,1023
"176",1994,"Jefferson",1,NA,5,NA,NA,6,NA,214
"177",1994,"King",1,5,5,124,6,6,136,22010
"178",1994,"Kitsap",1,NA,5,16,5,6,17,3323
"179",1994,"Kittitas",1,NA,5,NA,NA,6,NA,291
"180",1994,"Klickitat",1,0,5,0,NA,6,NA,229
"181",1994,"Lewis",1,NA,5,NA,NA,6,NA,857
"182",1994,"Lincoln",1,NA,5,NA,0,6,0,96
"183",1994,"Mason",1,NA,5,NA,NA,6,NA,544
"184",1994,"Okanogan",1,NA,5,NA,NA,6,NA,547
"185",1994,"Pacific",1,NA,5,NA,NA,6,NA,220
"186",1994,"Pend Oreille",1,0,5,0,NA,6,NA,136
"187",1994,"Pierce",1,4,5,44,6,6,67,9763
"188",1994,"San Juan",1,0,5,0,0,6,0,106
"189",1994,"Skagit",1,NA,5,NA,NA,6,NA,1273
"190",1994,"Skamania",1,NA,5,NA,NA,6,NA,83
"191",1994,"Snohomish",1,4,5,34,4,6,35,7833
"192",1994,"Spokane",1,6,5,35,6,6,37,5379
"193",1994,"Stevens",1,NA,5,NA,NA,6,NA,443
"194",1994,"Thurston",1,NA,5,14,NA,6,13,2447
"195",1994,"Wahkiakum",1,0,5,0,0,6,0,38
"196",1994,"Walla Walla",1,NA,5,11,NA,6,NA,698
"197",1994,"Whatcom",1,NA,5,10,NA,6,NA,1920
"198",1994,"Whitman",1,0,5,0,NA,6,NA,391
"199",1994,"Yakima",1,4,5,19,6,6,28,4273
"200",1995,"State Total",1,5,5,419,5,5,449,77240
"201",1995,"Adams",1,NA,5,NA,NA,5,NA,321
"202",1995,"Asotin",1,NA,5,NA,NA,5,NA,263
"203",1995,"Benton",1,NA,5,13,NA,5,12,1983
"204",1995,"Chelan",1,NA,5,NA,0,5,0,953
"205",1995,"Clallam",1,NA,5,NA,NA,5,NA,660
"206",1995,"Clark",1,NA,5,13,4,5,21,4558
"207",1995,"Columbia",1,NA,5,NA,NA,5,NA,45
"208",1995,"Cowlitz",1,NA,5,NA,NA,5,10,1222
"209",1995,"Douglas",1,NA,5,NA,NA,5,NA,441
"210",1995,"Ferry",1,0,5,0,0,5,0,81
"211",1995,"Franklin",1,NA,5,NA,NA,5,NA,1003
"212",1995,"Garfield",1,0,5,0,0,5,0,22
"213",1995,"Grant",1,NA,5,NA,NA,5,NA,1294
"214",1995,"Grays Harbor",1,NA,5,NA,NA,5,NA,864
"215",1995,"Island",1,NA,5,NA,NA,5,10,939
"216",1995,"Jefferson",1,NA,5,NA,NA,5,NA,216
"217",1995,"King",1,5,5,122,5,5,122,21817
"218",1995,"Kitsap",1,NA,5,16,NA,5,13,3307
"219",1995,"Kittitas",1,NA,5,NA,NA,5,NA,327
"220",1995,"Klickitat",1,0,5,0,0,5,0,225
"221",1995,"Lewis",1,NA,5,NA,NA,5,NA,910
"222",1995,"Lincoln",1,NA,5,NA,0,5,0,96
"223",1995,"Mason",1,0,5,0,NA,5,NA,538
"224",1995,"Okanogan",1,NA,5,NA,NA,5,NA,574
"225",1995,"Pacific",1,NA,5,NA,NA,5,NA,215
"226",1995,"Pend Oreille",1,NA,5,NA,NA,5,NA,154
"227",1995,"Pierce",1,6,5,57,6,5,62,9400
"228",1995,"San Juan",1,0,5,0,0,5,0,104
"229",1995,"Skagit",1,NA,5,NA,NA,5,NA,1299
"230",1995,"Skamania",1,0,5,0,0,5,0,82
"231",1995,"Snohomish",1,6,5,46,5,5,41,7629
"232",1995,"Spokane",1,4,5,27,8,5,44,5503
"233",1995,"Stevens",1,NA,5,NA,NA,5,NA,453
"234",1995,"Thurston",1,NA,5,12,NA,5,12,2442
"235",1995,"Wahkiakum",1,NA,5,NA,0,5,0,38
"236",1995,"Walla Walla",1,NA,5,NA,NA,5,NA,730
"237",1995,"Whatcom",1,NA,5,NA,NA,5,10,1850
"238",1995,"Whitman",1,NA,5,NA,0,5,0,458
"239",1995,"Yakima",1,5,5,21,5,5,25,4224
"240",1996,"State Total",1,5,5,460,6,5,467,77874
"241",1996,"Adams",1,NA,5,NA,NA,5,NA,293
"242",1996,"Asotin",1,NA,5,NA,NA,5,NA,241
"243",1996,"Benton",1,NA,5,15,NA,5,13,2003
"244",1996,"Chelan",1,NA,5,NA,NA,5,NA,986
"245",1996,"Clallam",1,NA,5,NA,NA,5,NA,640
"246",1996,"Clark",1,5,5,26,6,5,30,4726
"247",1996,"Columbia",1,NA,5,NA,0,5,0,50
"248",1996,"Cowlitz",1,NA,5,NA,NA,5,NA,1249
"249",1996,"Douglas",1,NA,5,NA,NA,5,NA,458
"250",1996,"Ferry",1,NA,5,NA,NA,5,NA,81
"251",1996,"Franklin",1,NA,5,NA,NA,5,NA,1059
"252",1996,"Garfield",1,0,5,0,0,5,0,22
"253",1996,"Grant",1,NA,5,NA,NA,5,10,1292
"254",1996,"Grays Harbor",1,NA,5,NA,NA,5,NA,891
"255",1996,"Island",1,NA,5,NA,NA,5,NA,983
"256",1996,"Jefferson",1,0,5,0,NA,5,NA,199
"257",1996,"King",1,6,5,137,5,5,118,21573
"258",1996,"Kitsap",1,5,5,19,NA,5,16,3269
"259",1996,"Kittitas",1,NA,5,NA,NA,5,NA,331
"260",1996,"Klickitat",1,NA,5,NA,NA,5,NA,241
"261",1996,"Lewis",1,NA,5,NA,NA,5,NA,881
"262",1996,"Lincoln",1,NA,5,NA,NA,5,NA,98
"263",1996,"Mason",1,NA,5,NA,NA,5,NA,536
"264",1996,"Okanogan",1,NA,5,NA,NA,5,NA,540
"265",1996,"Pacific",1,0,5,0,NA,5,NA,212
"266",1996,"Pend Oreille",1,0,5,0,NA,5,NA,128
"267",1996,"Pierce",1,4,5,39,7,5,75,9620
"268",1996,"San Juan",1,NA,5,NA,0,5,0,101
"269",1996,"Skagit",1,NA,5,16,NA,5,NA,1293
"270",1996,"Skamania",1,0,5,0,NA,5,NA,83
"271",1996,"Snohomish",1,4,5,39,5,5,44,7921
"272",1996,"Spokane",1,5,5,29,5,5,29,5626
"273",1996,"Stevens",1,NA,5,NA,NA,5,NA,464
"274",1996,"Thurston",1,7,5,17,NA,5,NA,2436
"275",1996,"Wahkiakum",1,0,5,0,0,5,0,39
"276",1996,"Walla Walla",1,NA,5,NA,NA,5,10,781
"277",1996,"Whatcom",1,NA,5,NA,NA,5,NA,1910
"278",1996,"Whitman",1,0,5,0,NA,5,NA,428
"279",1996,"Yakima",1,7,5,30,6,5,25,4190
"280",1997,"State Total",1,5,5,460,5,5,440,78141
"281",1997,"Adams",1,NA,5,NA,NA,5,NA,292
"282",1997,"Asotin",1,0,5,0,NA,5,NA,284
"283",1997,"Benton",1,NA,5,11,NA,5,15,2025
"284",1997,"Chelan",1,NA,5,NA,NA,5,NA,979
"285",1997,"Clallam",1,NA,5,NA,NA,5,NA,646
"286",1997,"Clark",1,5,5,26,4,5,21,4947
"287",1997,"Columbia",1,0,5,0,0,5,0,40
"288",1997,"Cowlitz",1,NA,5,NA,NA,5,10,1173
"289",1997,"Douglas",1,NA,5,NA,0,5,0,436
"290",1997,"Ferry",1,NA,5,NA,NA,5,NA,75
"291",1997,"Franklin",1,NA,5,NA,NA,5,NA,972
"292",1997,"Garfield",1,NA,5,NA,0,5,0,13
"293",1997,"Grant",1,NA,5,NA,NA,5,NA,1387
"294",1997,"Grays Harbor",1,NA,5,NA,NA,5,NA,848
"295",1997,"Island",1,NA,5,NA,NA,5,NA,953
"296",1997,"Jefferson",1,NA,5,NA,NA,5,NA,214
"297",1997,"King",1,6,5,136,5,5,113,21646
"298",1997,"Kitsap",1,5,5,19,5,5,19,3252
"299",1997,"Kittitas",1,NA,5,NA,NA,5,NA,307
"300",1997,"Klickitat",1,NA,5,NA,NA,5,NA,236
"301",1997,"Lewis",1,NA,5,NA,NA,5,NA,878
"302",1997,"Lincoln",1,NA,5,NA,NA,5,NA,131
"303",1997,"Mason",1,NA,5,NA,NA,5,NA,521
"304",1997,"Okanogan",1,NA,5,NA,NA,5,NA,522
"305",1997,"Pacific",1,NA,5,NA,0,5,0,215
"306",1997,"Pend Oreille",1,NA,5,NA,0,5,0,124
"307",1997,"Pierce",1,5,5,52,6,5,61,9730
"308",1997,"San Juan",1,0,5,0,0,5,0,113
"309",1997,"Skagit",1,NA,5,NA,NA,5,NA,1336
"310",1997,"Skamania",1,0,5,0,0,5,0,91
"311",1997,"Snohomish",1,6,5,51,6,5,49,8110
"312",1997,"Spokane",1,5,5,28,6,5,35,5530
"313",1997,"Stevens",1,NA,5,NA,NA,5,NA,453
"314",1997,"Thurston",1,NA,5,15,NA,5,10,2422
"315",1997,"Wahkiakum",1,NA,5,NA,NA,5,NA,39
"316",1997,"Walla Walla",1,NA,5,NA,NA,5,NA,675
"317",1997,"Whatcom",1,NA,5,10,NA,5,NA,1945
"318",1997,"Whitman",1,0,5,0,NA,5,NA,392
"319",1997,"Yakima",1,6,5,25,6,5,28,4189
"320",1998,"State Total",1,5,5,469,5,5,452,79640
"321",1998,"Adams",1,0,5,0,NA,5,NA,332
"322",1998,"Asotin",1,NA,5,NA,NA,5,NA,280
"323",1998,"Benton",1,NA,5,11,NA,5,11,2053
"324",1998,"Chelan",1,NA,5,NA,NA,5,NA,1032
"325",1998,"Clallam",1,NA,5,NA,NA,5,NA,687
"326",1998,"Clark",1,5,5,27,5,5,30,5142
"327",1998,"Columbia",1,0,5,0,0,5,0,48
"328",1998,"Cowlitz",1,NA,5,NA,NA,5,NA,1195
"329",1998,"Douglas",1,NA,5,NA,NA,5,NA,445
"330",1998,"Ferry",1,NA,5,NA,NA,5,NA,78
"331",1998,"Franklin",1,NA,5,NA,NA,5,NA,1035
"332",1998,"Garfield",1,0,5,0,0,5,0,16
"333",1998,"Grant",1,NA,5,14,NA,5,NA,1334
"334",1998,"Grays Harbor",1,NA,5,NA,NA,5,NA,882
"335",1998,"Island",1,NA,5,NA,NA,5,NA,948
"336",1998,"Jefferson",1,0,5,0,0,5,0,207
"337",1998,"King",1,5,5,129,5,5,111,22212
"338",1998,"Kitsap",1,8,5,25,NA,5,12,3004
"339",1998,"Kittitas",1,NA,5,NA,NA,5,NA,374
"340",1998,"Klickitat",1,NA,5,NA,0,5,0,234
"341",1998,"Lewis",1,NA,5,NA,NA,5,NA,901
"342",1998,"Lincoln",1,NA,5,NA,NA,5,NA,110
"343",1998,"Mason",1,NA,5,NA,NA,5,NA,598
"344",1998,"Okanogan",1,NA,5,NA,NA,5,NA,545
"345",1998,"Pacific",1,NA,5,NA,0,5,0,211
"346",1998,"Pend Oreille",1,0,5,0,NA,5,NA,129
"347",1998,"Pierce",1,6,5,60,6,5,64,9780
"348",1998,"San Juan",1,NA,5,NA,0,5,0,101
"349",1998,"Skagit",1,NA,5,NA,NA,5,12,1367
"350",1998,"Skamania",1,0,5,0,0,5,0,104
"351",1998,"Snohomish",1,5,5,42,5,5,46,8352
"352",1998,"Spokane",1,7,5,40,5,5,30,5496
"353",1998,"Stevens",1,0,5,0,NA,5,NA,412
"354",1998,"Thurston",1,NA,5,NA,NA,5,16,2511
"355",1998,"Wahkiakum",1,0,5,0,0,5,0,37
"356",1998,"Walla Walla",1,NA,5,NA,NA,5,NA,700
"357",1998,"Whatcom",1,NA,5,12,NA,5,NA,2055
"358",1998,"Whitman",1,NA,5,NA,NA,5,NA,398
"359",1998,"Yakima",1,4,5,21,6,5,27,4295
"360",1999,"State Total",1,5,5,469,5,5,401,79577
"361",1999,"Adams",1,NA,5,NA,NA,5,NA,319
"362",1999,"Asotin",1,NA,5,NA,NA,5,NA,263
"363",1999,"Benton",1,NA,5,NA,NA,5,10,2119
"364",1999,"Chelan",1,NA,5,NA,NA,5,NA,964
"365",1999,"Clallam",1,NA,5,NA,NA,5,NA,617
"366",1999,"Clark",1,4,5,21,4,5,21,5185
"367",1999,"Columbia",1,0,5,0,0,5,0,27
"368",1999,"Cowlitz",1,NA,5,15,NA,5,NA,1286
"369",1999,"Douglas",1,NA,5,NA,NA,5,NA,454
"370",1999,"Ferry",1,NA,5,NA,NA,5,NA,77
"371",1999,"Franklin",1,NA,5,NA,NA,5,NA,1104
"372",1999,"Garfield",1,0,5,0,0,5,0,27
"373",1999,"Grant",1,NA,5,NA,NA,5,NA,1390
"374",1999,"Grays Harbor",1,NA,5,NA,NA,5,NA,823
"375",1999,"Island",1,NA,5,10,NA,5,NA,912
"376",1999,"Jefferson",1,NA,5,NA,0,5,0,220
"377",1999,"King",1,5,5,121,5,5,112,22007
"378",1999,"Kitsap",1,NA,5,16,NA,5,15,2893
"379",1999,"Kittitas",1,NA,5,NA,NA,5,NA,364
"380",1999,"Klickitat",1,0,5,0,0,5,0,229
"381",1999,"Lewis",1,NA,5,NA,NA,5,NA,944
"382",1999,"Lincoln",1,NA,5,NA,0,5,0,113
"383",1999,"Mason",1,NA,5,NA,NA,5,NA,523
"384",1999,"Okanogan",1,NA,5,NA,NA,5,NA,552
"385",1999,"Pacific",1,NA,5,NA,NA,5,NA,163
"386",1999,"Pend Oreille",1,0,5,0,0,5,0,134
"387",1999,"Pierce",1,6,5,65,5,5,54,9939
"388",1999,"San Juan",1,NA,5,NA,0,5,0,100
"389",1999,"Skagit",1,NA,5,NA,NA,5,NA,1359
"390",1999,"Skamania",1,NA,5,NA,NA,5,NA,134
"391",1999,"Snohomish",1,6,5,58,5,5,44,8496
"392",1999,"Spokane",1,4,5,27,4,5,25,5497
"393",1999,"Stevens",1,NA,5,NA,NA,5,NA,456
"394",1999,"Thurston",1,NA,5,13,NA,5,NA,2478
"395",1999,"Wahkiakum",1,NA,5,NA,0,5,0,42
"396",1999,"Walla Walla",1,NA,5,10,NA,5,NA,713
"397",1999,"Whatcom",1,NA,5,NA,NA,5,NA,1995
"398",1999,"Whitman",1,NA,5,NA,NA,5,NA,422
"399",1999,"Yakima",1,5,5,24,7,5,30,4237
"400",2000,"State Total",1,5,5,437,5,5,423,81004
"401",2000,"Adams",1,NA,5,NA,NA,5,NA,334
"402",2000,"Asotin",1,0,5,0,NA,5,NA,252
"403",2000,"Benton",1,NA,5,13,9,5,19,2079
"404",2000,"Chelan",1,NA,5,NA,NA,5,NA,981
"405",2000,"Clallam",1,NA,5,NA,NA,5,NA,622
"406",2000,"Clark",1,5,5,32,3,5,19,5411
"407",2000,"Columbia",1,0,5,0,0,5,0,34
"408",2000,"Cowlitz",1,NA,5,NA,NA,5,11,1289
"409",2000,"Douglas",1,NA,5,NA,NA,5,NA,455
"410",2000,"Ferry",1,0,5,0,0,5,0,69
"411",2000,"Franklin",1,NA,5,10,NA,5,NA,1096
"412",2000,"Garfield",1,0,5,0,0,5,0,23
"413",2000,"Grant",1,NA,5,NA,NA,5,NA,1432
"414",2000,"Grays Harbor",1,NA,5,NA,NA,5,NA,793
"415",2000,"Island",1,NA,5,NA,NA,5,NA,959
"416",2000,"Jefferson",1,NA,5,NA,NA,5,NA,211
"417",2000,"King",1,5,5,127,4,5,102,22487
"418",2000,"Kitsap",1,NA,5,16,6,5,19,3108
"419",2000,"Kittitas",1,NA,5,NA,NA,5,NA,368
"420",2000,"Klickitat",1,0,5,0,NA,5,NA,254
"421",2000,"Lewis",1,NA,5,12,NA,5,NA,869
"422",2000,"Lincoln",1,0,5,0,NA,5,NA,99
"423",2000,"Mason",1,NA,5,NA,NA,5,NA,560
"424",2000,"Okanogan",1,NA,5,NA,NA,5,NA,506
"425",2000,"Pacific",1,NA,5,NA,NA,5,NA,195
"426",2000,"Pend Oreille",1,0,5,0,NA,5,NA,110
"427",2000,"Pierce",1,4,5,50,6,5,62,10174
"428",2000,"San Juan",1,0,5,0,0,5,0,92
"429",2000,"Skagit",1,NA,5,NA,NA,5,11,1396
"430",2000,"Skamania",1,0,5,0,NA,5,NA,116
"431",2000,"Snohomish",1,4,5,35,4,5,36,8545
"432",2000,"Spokane",1,5,5,30,4,5,28,5666
"433",2000,"Stevens",1,NA,5,NA,NA,5,NA,445
"434",2000,"Thurston",1,6,5,17,NA,5,11,2547
"435",2000,"Wahkiakum",1,0,5,0,0,5,0,28
"436",2000,"Walla Walla",1,NA,5,NA,NA,5,NA,660
"437",2000,"Whatcom",1,NA,5,13,NA,5,NA,2077
"438",2000,"Whitman",1,NA,5,NA,NA,5,NA,411
"439",2000,"Yakima",1,5,5,22,7,5,31,4251
"440",2001,"State Total",1,5,5,425,5,5,461,79542
"441",2001,"Adams",1,0,5,0,NA,5,NA,328
"442",2001,"Asotin",1,0,5,0,NA,5,NA,234
"443",2001,"Benton",1,NA,5,NA,NA,5,12,2215
"444",2001,"Chelan",1,NA,5,10,NA,5,NA,971
"445",2001,"Clallam",1,NA,5,NA,NA,5,NA,606
"446",2001,"Clark",1,5,5,29,5,5,29,5322
"447",2001,"Columbia",1,0,5,0,0,5,0,35
"448",2001,"Cowlitz",1,NA,5,NA,NA,5,10,1229
"449",2001,"Douglas",1,0,5,0,NA,5,NA,440
"450",2001,"Ferry",1,0,5,0,0,5,0,75
"451",2001,"Franklin",1,NA,5,NA,NA,5,NA,1147
"452",2001,"Garfield",1,0,5,0,0,5,0,23
"453",2001,"Grant",1,NA,5,NA,NA,5,NA,1313
"454",2001,"Grays Harbor",1,NA,5,NA,NA,5,NA,766
"455",2001,"Island",1,NA,5,NA,NA,5,NA,897
"456",2001,"Jefferson",1,NA,5,NA,0,5,0,200
"457",2001,"King",1,5,5,116,5,5,109,21778
"458",2001,"Kitsap",1,6,5,20,7,5,22,2946
"459",2001,"Kittitas",1,NA,5,NA,NA,5,NA,371
"460",2001,"Klickitat",1,0,5,0,NA,5,NA,221
"461",2001,"Lewis",1,NA,5,NA,NA,5,NA,856
"462",2001,"Lincoln",1,0,5,0,0,5,0,92
"463",2001,"Mason",1,NA,5,NA,NA,5,NA,543
"464",2001,"Okanogan",1,NA,5,NA,NA,5,NA,518
"465",2001,"Pacific",1,0,5,0,0,5,0,203
"466",2001,"Pend Oreille",1,NA,5,NA,NA,5,NA,124
"467",2001,"Pierce",1,6,5,60,8,5,81,10052
"468",2001,"San Juan",1,0,5,0,0,5,0,104
"469",2001,"Skagit",1,NA,5,NA,NA,5,NA,1383
"470",2001,"Skamania",1,0,5,0,0,5,0,109
"471",2001,"Snohomish",1,6,5,55,5,5,45,8703
"472",2001,"Spokane",1,6,5,34,5,5,31,5414
"473",2001,"Stevens",1,NA,5,NA,NA,5,NA,449
"474",2001,"Thurston",1,NA,5,13,NA,5,15,2606
"475",2001,"Wahkiakum",1,0,5,0,NA,5,NA,29
"476",2001,"Walla Walla",1,NA,5,NA,NA,5,NA,714
"477",2001,"Whatcom",1,NA,5,NA,NA,5,NA,1965
"478",2001,"Whitman",1,NA,5,NA,NA,5,NA,375
"479",2001,"Yakima",1,NA,5,15,5,5,22,4186
"480",2002,"State Total",1,5,5,433,5,5,452,79003
"481",2002,"Adams",1,NA,5,NA,NA,5,NA,347
"482",2002,"Asotin",1,0,5,0,NA,5,NA,236
"483",2002,"Benton",1,NA,5,15,NA,5,13,2160
"484",2002,"Chelan",1,NA,5,NA,NA,5,NA,919
"485",2002,"Clallam",1,NA,5,NA,NA,5,NA,591
"486",2002,"Clark",1,NA,5,16,4,5,24,5246
"487",2002,"Columbia",1,0,5,0,0,5,0,40
"488",2002,"Cowlitz",1,NA,5,NA,NA,5,NA,1244
"489",2002,"Douglas",1,NA,5,NA,NA,5,NA,434
"490",2002,"Ferry",1,NA,5,NA,0,5,0,70
"491",2002,"Franklin",1,NA,5,10,NA,5,NA,1193
"492",2002,"Garfield",1,0,5,0,NA,5,NA,14
"493",2002,"Grant",1,NA,5,NA,NA,5,NA,1394
"494",2002,"Grays Harbor",1,NA,5,NA,NA,5,NA,803
"495",2002,"Island",1,NA,5,NA,NA,5,NA,925
"496",2002,"Jefferson",1,NA,5,NA,NA,5,NA,188
"497",2002,"King",1,5,5,109,4,5,99,21863
"498",2002,"Kitsap",1,NA,5,16,6,5,20,2942
"499",2002,"Kittitas",1,NA,5,NA,0,5,0,343
"500",2002,"Klickitat",1,NA,5,NA,NA,5,NA,227
"501",2002,"Lewis",1,NA,5,NA,NA,5,NA,896
"502",2002,"Lincoln",1,0,5,0,NA,5,NA,91
"503",2002,"Mason",1,NA,5,NA,NA,5,NA,541
"504",2002,"Okanogan",1,NA,5,NA,NA,5,NA,480
"505",2002,"Pacific",1,0,5,0,NA,5,NA,171
"506",2002,"Pend Oreille",1,0,5,0,NA,5,NA,124
"507",2002,"Pierce",1,6,5,60,7,5,77,10031
"508",2002,"San Juan",1,NA,5,NA,0,5,0,87
"509",2002,"Skagit",1,NA,5,NA,NA,5,NA,1373
"510",2002,"Skamania",1,0,5,0,NA,5,NA,98
"511",2002,"Snohomish",1,5,5,48,5,5,45,8344
"512",2002,"Spokane",1,7,5,40,7,5,43,5543
"513",2002,"Stevens",1,NA,5,NA,NA,5,NA,460
"514",2002,"Thurston",1,8,5,21,NA,5,16,2445
"515",2002,"Wahkiakum",1,0,5,0,NA,5,NA,22
"516",2002,"Walla Walla",1,NA,5,NA,NA,5,NA,692
"517",2002,"Whatcom",1,NA,5,11,NA,5,NA,1972
"518",2002,"Whitman",1,NA,5,NA,NA,5,NA,415
"519",2002,"Yakima",1,NA,5,16,5,5,21,4039
"520",2003,"State Total",1,6,6,498,5,5,447,80482
"521",2003,"Adams",1,NA,6,NA,NA,5,NA,339
"522",2003,"Asotin",1,NA,6,NA,NA,5,NA,287
"523",2003,"Benton",1,8,6,18,NA,5,13,2190
"524",2003,"Chelan",1,NA,6,NA,NA,5,NA,888
"525",2003,"Clallam",1,NA,6,NA,NA,5,NA,609
"526",2003,"Clark",1,4,6,22,4,5,26,5332
"527",2003,"Columbia",1,0,6,0,NA,5,NA,37
"528",2003,"Cowlitz",1,NA,6,NA,NA,5,NA,1141
"529",2003,"Douglas",1,NA,6,NA,NA,5,NA,432
"530",2003,"Ferry",1,0,6,0,0,5,0,70
"531",2003,"Franklin",1,NA,6,NA,NA,5,NA,1322
"532",2003,"Garfield",1,0,6,0,0,5,0,16
"533",2003,"Grant",1,NA,6,NA,NA,5,NA,1431
"534",2003,"Grays Harbor",1,NA,6,NA,NA,5,NA,817
"535",2003,"Island",1,NA,6,NA,NA,5,NA,947
"536",2003,"Jefferson",1,NA,6,NA,NA,5,NA,226
"537",2003,"King",1,6,6,151,5,5,114,22431
"538",2003,"Kitsap",1,NA,6,15,6,5,19,3014
"539",2003,"Kittitas",1,NA,6,NA,NA,5,NA,380
"540",2003,"Klickitat",1,0,6,0,NA,5,NA,232
"541",2003,"Lewis",1,NA,6,NA,NA,5,NA,839
"542",2003,"Lincoln",1,NA,6,NA,NA,5,NA,84
"543",2003,"Mason",1,NA,6,NA,NA,5,NA,569
"544",2003,"Okanogan",1,NA,6,NA,NA,5,NA,485
"545",2003,"Pacific",1,NA,6,NA,NA,5,NA,188
"546",2003,"Pend Oreille",1,NA,6,NA,NA,5,NA,107
"547",2003,"Pierce",1,8,6,84,6,5,64,10085
"548",2003,"San Juan",1,0,6,0,0,5,0,88
"549",2003,"Skagit",1,NA,6,NA,NA,5,NA,1356
"550",2003,"Skamania",1,0,6,0,0,5,0,114
"551",2003,"Snohomish",1,4,6,42,4,5,40,8592
"552",2003,"Spokane",1,6,6,35,6,5,33,5455
"553",2003,"Stevens",1,NA,6,NA,NA,5,NA,467
"554",2003,"Thurston",1,NA,6,14,NA,5,14,2619
"555",2003,"Wahkiakum",1,NA,6,NA,0,5,0,29
"556",2003,"Walla Walla",1,NA,6,NA,NA,5,NA,686
"557",2003,"Whatcom",1,NA,6,13,NA,5,NA,2035
"558",2003,"Whitman",1,0,6,0,NA,5,NA,410
"559",2003,"Yakima",1,5,6,21,9,5,39,4133
"560",2004,"State Total",1,5,5,432,5,5,451,81715
"561",2004,"Adams",1,NA,5,NA,NA,5,NA,389
"562",2004,"Asotin",1,0,5,0,NA,5,NA,261
"563",2004,"Benton",1,NA,5,NA,NA,5,NA,2188
"564",2004,"Chelan",1,NA,5,NA,NA,5,NA,902
"565",2004,"Clallam",1,NA,5,NA,NA,5,NA,602
"566",2004,"Clark",1,4,5,24,4,5,27,5541
"567",2004,"Columbia",1,0,5,0,0,5,0,40
"568",2004,"Cowlitz",1,NA,5,NA,NA,5,NA,1230
"569",2004,"Douglas",1,NA,5,NA,NA,5,NA,455
"570",2004,"Ferry",1,0,5,0,0,5,0,78
"571",2004,"Franklin",1,NA,5,NA,NA,5,NA,1328
"572",2004,"Garfield",1,0,5,0,0,5,0,11
"573",2004,"Grant",1,NA,5,NA,NA,5,13,1441
"574",2004,"Grays Harbor",1,NA,5,NA,NA,5,NA,830
"575",2004,"Island",1,NA,5,NA,NA,5,NA,989
"576",2004,"Jefferson",1,NA,5,NA,0,5,0,195
"577",2004,"King",1,6,5,145,4,5,101,22874
"578",2004,"Kitsap",1,NA,5,13,NA,5,14,3009
"579",2004,"Kittitas",1,NA,5,NA,NA,5,NA,342
"580",2004,"Klickitat",1,NA,5,NA,0,5,0,223
"581",2004,"Lewis",1,NA,5,NA,NA,5,NA,847
"582",2004,"Lincoln",1,0,5,0,0,5,0,91
"583",2004,"Mason",1,NA,5,NA,NA,5,NA,559
"584",2004,"Okanogan",1,NA,5,NA,NA,5,NA,499
"585",2004,"Pacific",1,0,5,0,NA,5,NA,200
"586",2004,"Pend Oreille",1,0,5,0,0,5,0,115
"587",2004,"Pierce",1,4,5,45,5,5,60,10278
"588",2004,"San Juan",1,NA,5,NA,0,5,0,107
"589",2004,"Skagit",1,NA,5,NA,NA,5,11,1418
"590",2004,"Skamania",1,0,5,0,NA,5,NA,82
"591",2004,"Snohomish",1,5,5,47,4,5,40,8641
"592",2004,"Spokane",1,5,5,29,6,5,37,5480
"593",2004,"Stevens",1,NA,5,NA,NA,5,NA,484
"594",2004,"Thurston",1,NA,5,16,6,5,18,2604
"595",2004,"Wahkiakum",1,0,5,0,0,5,0,29
"596",2004,"Walla Walla",1,0,5,0,NA,5,NA,715
"597",2004,"Whatcom",1,NA,5,10,NA,5,NA,2061
"598",2004,"Whitman",1,NA,5,NA,NA,5,NA,377
"599",2004,"Yakima",1,6,5,27,8,5,34,4200
"600",2005,"State Total",1,6,6,516,5,5,420,82625
"601",2005,"Adams",1,NA,6,NA,NA,5,NA,424
"602",2005,"Asotin",1,NA,6,NA,0,5,0,237
"603",2005,"Benton",1,NA,6,14,NA,5,12,2164
"604",2005,"Chelan",1,NA,6,NA,NA,5,11,902
"605",2005,"Clallam",1,NA,6,NA,NA,5,NA,617
"606",2005,"Clark",1,5,6,32,5,5,28,5635
"607",2005,"Columbia",1,0,6,0,0,5,0,24
"608",2005,"Cowlitz",1,NA,6,NA,NA,5,NA,1242
"609",2005,"Douglas",1,NA,6,NA,NA,5,NA,518
"610",2005,"Ferry",1,0,6,0,NA,5,NA,82
"611",2005,"Franklin",1,NA,6,NA,NA,5,NA,1484
"612",2005,"Garfield",1,0,6,0,0,5,0,16
"613",2005,"Grant",1,NA,6,NA,NA,5,NA,1451
"614",2005,"Grays Harbor",1,NA,6,NA,NA,5,NA,857
"615",2005,"Island",1,NA,6,NA,NA,5,NA,997
"616",2005,"Jefferson",1,NA,6,NA,NA,5,NA,204
"617",2005,"King",1,6,6,139,4,5,102,22680
"618",2005,"Kitsap",1,5,6,17,6,5,18,2902
"619",2005,"Kittitas",1,NA,6,NA,NA,5,NA,333
"620",2005,"Klickitat",1,NA,6,NA,0,5,0,209
"621",2005,"Lewis",1,NA,6,NA,NA,5,NA,874
"622",2005,"Lincoln",1,0,6,0,0,5,0,94
"623",2005,"Mason",1,0,6,0,NA,5,NA,620
"624",2005,"Okanogan",1,NA,6,NA,NA,5,NA,530
"625",2005,"Pacific",1,NA,6,NA,NA,5,NA,219
"626",2005,"Pend Oreille",1,NA,6,NA,0,5,0,120
"627",2005,"Pierce",1,6,6,64,6,5,64,10469
"628",2005,"San Juan",1,NA,6,NA,0,5,0,108
"629",2005,"Skagit",1,NA,6,14,NA,5,NA,1451
"630",2005,"Skamania",1,0,6,0,0,5,0,94
"631",2005,"Snohomish",1,6,6,56,3,5,32,8924
"632",2005,"Spokane",1,6,6,35,6,5,34,5593
"633",2005,"Stevens",1,NA,6,NA,NA,5,NA,451
"634",2005,"Thurston",1,NA,6,16,NA,5,16,2618
"635",2005,"Wahkiakum",1,0,6,0,0,5,0,37
"636",2005,"Walla Walla",1,NA,6,NA,NA,5,NA,721
"637",2005,"Whatcom",1,NA,6,NA,NA,5,NA,2122
"638",2005,"Whitman",1,NA,6,NA,NA,5,NA,432
"639",2005,"Yakima",1,7,6,31,7,5,30,4170
"640",2006,"State Total",1,5,5,490,4,4,406,86845
"641",2006,"Adams",1,NA,5,NA,NA,4,NA,386
"642",2006,"Asotin",1,NA,5,NA,0,4,0,245
"643",2006,"Benton",1,NA,5,15,7,4,17,2339
"644",2006,"Chelan",1,NA,5,NA,NA,4,NA,982
"645",2006,"Clallam",1,NA,5,NA,NA,4,NA,647
"646",2006,"Clark",1,3,5,18,NA,4,15,5789
"647",2006,"Columbia",1,0,5,0,0,4,0,45
"648",2006,"Cowlitz",1,NA,5,NA,NA,4,NA,1325
"649",2006,"Douglas",1,NA,5,NA,NA,4,NA,543
"650",2006,"Ferry",1,NA,5,NA,NA,4,NA,62
"651",2006,"Franklin",1,NA,5,12,NA,4,NA,1535
"652",2006,"Garfield",1,NA,5,NA,0,4,0,16
"653",2006,"Grant",1,NA,5,13,NA,4,14,1549
"654",2006,"Grays Harbor",1,NA,5,NA,NA,4,NA,884
"655",2006,"Island",1,NA,5,NA,NA,4,NA,933
"656",2006,"Jefferson",1,NA,5,NA,NA,4,NA,221
"657",2006,"King",1,5,5,126,4,4,100,24244
"658",2006,"Kitsap",1,7,5,24,NA,4,11,3040
"659",2006,"Kittitas",1,NA,5,NA,NA,4,NA,375
"660",2006,"Klickitat",1,0,5,0,NA,4,NA,212
"661",2006,"Lewis",1,NA,5,NA,NA,4,NA,939
"662",2006,"Lincoln",1,NA,5,NA,0,4,0,114
"663",2006,"Mason",1,NA,5,NA,NA,4,NA,632
"664",2006,"Okanogan",1,NA,5,NA,NA,4,NA,594
"665",2006,"Pacific",1,0,5,0,0,4,0,196
"666",2006,"Pend Oreille",1,0,5,0,NA,4,NA,142
"667",2006,"Pierce",1,5,5,61,5,4,58,11139
"668",2006,"San Juan",1,NA,5,NA,NA,4,NA,85
"669",2006,"Skagit",1,NA,5,NA,NA,4,NA,1500
"670",2006,"Skamania",1,0,5,0,NA,4,NA,110
"671",2006,"Snohomish",1,6,5,63,4,4,37,9070
"672",2006,"Spokane",1,4,5,25,4,4,27,5986
"673",2006,"Stevens",1,NA,5,NA,NA,4,NA,485
"674",2006,"Thurston",1,NA,5,16,NA,4,15,2771
"675",2006,"Wahkiakum",1,0,5,0,0,4,0,25
"676",2006,"Walla Walla",1,NA,5,NA,NA,4,NA,705
"677",2006,"Whatcom",1,NA,5,15,NA,4,14,2209
"678",2006,"Whitman",1,NA,5,NA,NA,4,NA,413
"679",2006,"Yakima",1,6,5,28,7,4,31,4358
"680",2007,"State Total",1,5,5,493,4,4,427,88921
"681",2007,"Adams",1,NA,5,NA,NA,4,NA,417
"682",2007,"Asotin",1,0,5,0,NA,4,NA,232
"683",2007,"Benton",1,NA,5,11,NA,4,NA,2455
"684",2007,"Chelan",1,NA,5,NA,NA,4,NA,1016
"685",2007,"Clallam",1,NA,5,NA,NA,4,NA,639
"686",2007,"Clark",1,3,5,21,4,4,29,5901
"687",2007,"Columbia",1,0,5,0,0,4,0,32
"688",2007,"Cowlitz",1,NA,5,NA,NA,4,NA,1384
"689",2007,"Douglas",1,NA,5,NA,NA,4,NA,544
"690",2007,"Ferry",1,0,5,0,NA,4,NA,67
"691",2007,"Franklin",1,NA,5,10,NA,4,NA,1584
"692",2007,"Garfield",1,0,5,0,0,4,0,16
"693",2007,"Grant",1,NA,5,11,NA,4,NA,1567
"694",2007,"Grays Harbor",1,NA,5,NA,NA,4,NA,863
"695",2007,"Island",1,NA,5,NA,NA,4,NA,983
"696",2007,"Jefferson",1,NA,5,NA,0,4,0,210
"697",2007,"King",1,5,5,138,4,4,110,24899
"698",2007,"Kitsap",1,7,5,22,NA,4,11,2894
"699",2007,"Kittitas",1,NA,5,NA,NA,4,NA,388
"700",2007,"Klickitat",1,0,5,0,NA,4,NA,227
"701",2007,"Lewis",1,NA,5,NA,NA,4,NA,937
"702",2007,"Lincoln",1,0,5,0,0,4,0,105
"703",2007,"Mason",1,NA,5,NA,NA,4,NA,640
"704",2007,"Okanogan",1,NA,5,NA,NA,4,NA,548
"705",2007,"Pacific",1,0,5,0,NA,4,NA,217
"706",2007,"Pend Oreille",1,NA,5,NA,NA,4,NA,133
"707",2007,"Pierce",1,6,5,76,6,4,73,11391
"708",2007,"San Juan",1,0,5,0,0,4,0,118
"709",2007,"Skagit",1,NA,5,11,NA,4,NA,1560
"710",2007,"Skamania",1,0,5,0,0,4,0,126
"711",2007,"Snohomish",1,4,5,45,4,4,46,9570
"712",2007,"Spokane",1,5,5,32,4,4,25,5983
"713",2007,"Stevens",1,NA,5,NA,NA,4,NA,486
"714",2007,"Thurston",1,NA,5,14,NA,4,15,2940
"715",2007,"Wahkiakum",1,0,5,0,0,4,0,26
"716",2007,"Walla Walla",1,NA,5,NA,NA,4,NA,664
"717",2007,"Whatcom",1,NA,5,14,NA,4,13,2210
"718",2007,"Whitman",1,NA,5,NA,NA,4,NA,431
"719",2007,"Yakima",1,6,5,28,6,4,27,4518
"720",2008,"State Total",1,6,6,544,5,5,491,90270
"721",2008,"Adams",1,NA,6,NA,NA,5,NA,426
"722",2008,"Asotin",1,0,6,0,NA,5,NA,235
"723",2008,"Benton",1,NA,6,12,NA,5,16,2444
"724",2008,"Chelan",1,NA,6,NA,NA,5,NA,1076
"725",2008,"Clallam",1,NA,6,NA,NA,5,NA,648
"726",2008,"Clark",1,3,6,21,3,5,19,5851
"727",2008,"Columbia",1,NA,6,NA,0,5,0,43
"728",2008,"Cowlitz",1,NA,6,NA,NA,5,NA,1343
"729",2008,"Douglas",1,NA,6,NA,NA,5,NA,597
"730",2008,"Ferry",1,0,6,0,0,5,0,70
"731",2008,"Franklin",1,NA,6,NA,NA,5,12,1656
"732",2008,"Garfield",1,0,6,0,0,5,0,24
"733",2008,"Grant",1,NA,6,NA,NA,5,13,1635
"734",2008,"Grays Harbor",1,NA,6,NA,NA,5,NA,914
"735",2008,"Island",1,NA,6,NA,NA,5,NA,959
"736",2008,"Jefferson",1,NA,6,NA,NA,5,NA,199
"737",2008,"King",1,6,6,163,4,5,121,25222
"738",2008,"Kitsap",1,6,6,21,6,5,21,3053
"739",2008,"Kittitas",1,NA,6,NA,NA,5,NA,384
"740",2008,"Klickitat",1,0,6,0,0,5,0,204
"741",2008,"Lewis",1,NA,6,NA,NA,5,NA,953
"742",2008,"Lincoln",1,0,6,0,NA,5,NA,106
"743",2008,"Mason",1,NA,6,NA,NA,5,NA,631
"744",2008,"Okanogan",1,NA,6,NA,NA,5,NA,582
"745",2008,"Pacific",1,NA,6,NA,NA,5,NA,220
"746",2008,"Pend Oreille",1,NA,6,NA,0,5,0,129
"747",2008,"Pierce",1,6,6,76,5,5,59,11537
"748",2008,"San Juan",1,0,6,0,0,5,0,93
"749",2008,"Skagit",1,NA,6,10,NA,5,12,1628
"750",2008,"Skamania",1,0,6,0,0,5,0,113
"751",2008,"Snohomish",1,7,6,69,4,5,42,9808
"752",2008,"Spokane",1,6,6,37,6,5,39,6156
"753",2008,"Stevens",1,NA,6,NA,NA,5,NA,425
"754",2008,"Thurston",1,NA,6,14,NA,5,14,3074
"755",2008,"Wahkiakum",1,0,6,0,0,5,0,33
"756",2008,"Walla Walla",1,NA,6,NA,NA,5,NA,737
"757",2008,"Whatcom",1,NA,6,11,NA,5,NA,2181
"758",2008,"Whitman",1,NA,6,NA,NA,5,NA,442
"759",2008,"Yakima",1,6,6,27,9,5,43,4439
"760",2009,"State Total",1,5,5,498,4,4,438,89242
"761",2009,"Adams",1,NA,5,NA,NA,4,NA,456
"762",2009,"Asotin",1,NA,5,NA,NA,4,NA,233
"763",2009,"Benton",1,NA,5,14,NA,4,15,2485
"764",2009,"Chelan",1,NA,5,NA,NA,4,NA,1046
"765",2009,"Clallam",1,NA,5,NA,NA,4,NA,655
"766",2009,"Clark",1,4,5,25,4,4,26,5578
"767",2009,"Columbia",1,0,5,0,0,4,0,32
"768",2009,"Cowlitz",1,NA,5,NA,NA,4,10,1299
"769",2009,"Douglas",1,NA,5,NA,NA,4,NA,537
"770",2009,"Ferry",1,0,5,0,0,4,0,60
"771",2009,"Franklin",1,NA,5,NA,NA,4,NA,1687
"772",2009,"Garfield",1,0,5,0,0,4,0,18
"773",2009,"Grant",1,NA,5,NA,NA,4,16,1630
"774",2009,"Grays Harbor",1,NA,5,NA,NA,4,NA,839
"775",2009,"Island",1,NA,5,NA,NA,4,NA,901
"776",2009,"Jefferson",1,NA,5,NA,NA,4,NA,194
"777",2009,"King",1,5,5,145,3,4,78,25057
"778",2009,"Kitsap",1,NA,5,15,NA,4,16,2905
"779",2009,"Kittitas",1,NA,5,NA,NA,4,NA,431
"780",2009,"Klickitat",1,NA,5,NA,NA,4,NA,237
"781",2009,"Lewis",1,NA,5,NA,NA,4,NA,994
"782",2009,"Lincoln",1,NA,5,NA,NA,4,NA,89
"783",2009,"Mason",1,NA,5,NA,NA,4,NA,702
"784",2009,"Okanogan",1,NA,5,NA,NA,4,NA,592
"785",2009,"Pacific",1,NA,5,NA,NA,4,NA,176
"786",2009,"Pend Oreille",1,0,5,0,0,4,0,152
"787",2009,"Pierce",1,6,5,72,7,4,87,11636
"788",2009,"San Juan",1,NA,5,NA,NA,4,NA,97
"789",2009,"Skagit",1,NA,5,NA,NA,4,NA,1534
"790",2009,"Skamania",1,NA,5,NA,NA,4,NA,118
"791",2009,"Snohomish",1,6,5,55,3,4,35,9237
"792",2009,"Spokane",1,4,5,28,6,4,41,6107
"793",2009,"Stevens",1,NA,5,NA,NA,4,NA,430
"794",2009,"Thurston",1,NA,5,15,NA,4,15,3162
"795",2009,"Wahkiakum",1,0,5,0,0,4,0,29
"796",2009,"Walla Walla",1,NA,5,NA,NA,4,NA,669
"797",2009,"Whatcom",1,NA,5,13,NA,4,10,2269
"798",2009,"Whitman",1,NA,5,NA,NA,4,NA,445
"799",2009,"Yakima",1,6,5,29,5,4,26,4524
"800",2010,"State Total",1,5,5,499,4,4,388,86480
"801",2010,"Adams",1,NA,5,NA,NA,4,NA,468
"802",2010,"Asotin",1,NA,5,NA,0,4,0,242
"803",2010,"Benton",1,NA,5,12,NA,4,10,2530
"804",2010,"Chelan",1,NA,5,NA,NA,4,NA,1011
"805",2010,"Clallam",1,NA,5,NA,NA,4,NA,679
"806",2010,"Clark",1,3,5,21,6,4,37,5480
"807",2010,"Columbia",1,NA,5,NA,0,4,0,39
"808",2010,"Cowlitz",1,NA,5,NA,NA,4,NA,1193
"809",2010,"Douglas",1,NA,5,NA,0,4,0,524
"810",2010,"Ferry",1,NA,5,NA,NA,4,NA,64
"811",2010,"Franklin",1,NA,5,NA,NA,4,NA,1661
"812",2010,"Garfield",1,0,5,0,0,4,0,21
"813",2010,"Grant",1,NA,5,13,NA,4,NA,1637
"814",2010,"Grays Harbor",1,NA,5,NA,NA,4,NA,846
"815",2010,"Island",1,NA,5,NA,NA,4,NA,929
"816",2010,"Jefferson",1,NA,5,NA,NA,4,NA,199
"817",2010,"King",1,5,5,140,4,4,103,24514
"818",2010,"Kitsap",1,NA,5,14,NA,4,14,2931
"819",2010,"Kittitas",1,NA,5,NA,NA,4,NA,424
"820",2010,"Klickitat",1,NA,5,NA,NA,4,NA,226
"821",2010,"Lewis",1,NA,5,NA,NA,4,NA,926
"822",2010,"Lincoln",1,0,5,0,0,4,0,95
"823",2010,"Mason",1,NA,5,NA,NA,4,NA,622
"824",2010,"Okanogan",1,NA,5,NA,NA,4,NA,570
"825",2010,"Pacific",1,0,5,0,NA,4,NA,201
"826",2010,"Pend Oreille",1,0,5,0,0,4,0,119
"827",2010,"Pierce",1,6,5,65,4,4,49,10686
"828",2010,"San Juan",1,0,5,0,0,4,0,99
"829",2010,"Skagit",1,NA,5,11,NA,4,NA,1471
"830",2010,"Skamania",1,0,5,0,NA,4,NA,88
"831",2010,"Snohomish",1,6,5,56,4,4,38,9001
"832",2010,"Spokane",1,6,5,35,4,4,27,5788
"833",2010,"Stevens",1,NA,5,NA,NA,4,NA,431
"834",2010,"Thurston",1,7,5,21,5,4,17,2955
"835",2010,"Wahkiakum",1,0,5,0,0,4,0,33
"836",2010,"Walla Walla",1,NA,5,NA,NA,4,NA,660
"837",2010,"Whatcom",1,NA,5,11,NA,4,10,2321
"838",2010,"Whitman",1,NA,5,NA,0,4,0,422
"839",2010,"Yakima",1,8,5,36,5,4,23,4374
"840",2011,"State Total",1,6,6,585,4,4,387,86929
"841",2011,"Adams",1,NA,6,NA,NA,4,NA,403
"842",2011,"Asotin",1,NA,6,NA,NA,4,NA,235
"843",2011,"Benton",1,NA,6,12,NA,4,NA,2569
"844",2011,"Chelan",1,NA,6,NA,NA,4,NA,934
"845",2011,"Clallam",1,NA,6,NA,NA,4,NA,667
"846",2011,"Clark",1,4,6,25,4,4,27,5484
"847",2011,"Columbia",1,NA,6,NA,0,4,0,36
"848",2011,"Cowlitz",1,NA,6,NA,NA,4,NA,1262
"849",2011,"Douglas",1,NA,6,NA,NA,4,NA,533
"850",2011,"Ferry",1,NA,6,NA,0,4,0,72
"851",2011,"Franklin",1,NA,6,11,NA,4,NA,1748
"852",2011,"Garfield",1,NA,6,NA,0,4,0,18
"853",2011,"Grant",1,NA,6,13,NA,4,NA,1587
"854",2011,"Grays Harbor",1,NA,6,NA,NA,4,NA,780
"855",2011,"Island",1,NA,6,NA,NA,4,NA,924
"856",2011,"Jefferson",1,0,6,0,NA,4,NA,204
"857",2011,"King",1,6,6,151,4,4,100,24630
"858",2011,"Kitsap",1,8,6,24,6,4,20,2945
"859",2011,"Kittitas",1,NA,6,NA,NA,4,NA,394
"860",2011,"Klickitat",1,0,6,0,NA,4,NA,205
"861",2011,"Lewis",1,NA,6,NA,NA,4,NA,877
"862",2011,"Lincoln",1,NA,6,NA,NA,4,NA,106
"863",2011,"Mason",1,NA,6,NA,NA,4,NA,618
"864",2011,"Okanogan",1,NA,6,NA,NA,4,NA,575
"865",2011,"Pacific",1,NA,6,NA,NA,4,NA,206
"866",2011,"Pend Oreille",1,NA,6,NA,0,4,0,99
"867",2011,"Pierce",1,9,6,103,4,4,55,11240
"868",2011,"San Juan",1,NA,6,NA,0,4,0,81
"869",2011,"Skagit",1,NA,6,NA,NA,4,NA,1453
"870",2011,"Skamania",1,NA,6,NA,NA,4,NA,114
"871",2011,"Snohomish",1,6,6,55,3,4,33,8925
"872",2011,"Spokane",1,4,6,28,5,4,31,5867
"873",2011,"Stevens",1,NA,6,NA,NA,4,NA,437
"874",2011,"Thurston",1,8,6,27,NA,4,12,3142
"875",2011,"Wahkiakum",1,0,6,0,0,4,0,22
"876",2011,"Walla Walla",1,NA,6,NA,NA,4,NA,659
"877",2011,"Whatcom",1,8,6,18,NA,4,NA,2260
"878",2011,"Whitman",1,NA,6,NA,NA,4,NA,407
"879",2011,"Yakima",1,8,6,35,4,4,18,4211
"880",2012,"State Total",1,5,5,503,5,5,442,87417
"881",2012,"Adams",1,NA,5,NA,NA,5,NA,386
"882",2012,"Asotin",1,NA,5,NA,0,5,0,238
"883",2012,"Benton",1,NA,5,10,NA,5,15,2559
"884",2012,"Chelan",1,NA,5,NA,NA,5,NA,922
"885",2012,"Clallam",1,NA,5,NA,NA,5,NA,646
"886",2012,"Clark",1,4,5,23,5,5,30,5362
"887",2012,"Columbia",1,0,5,0,0,5,0,31
"888",2012,"Cowlitz",1,NA,5,NA,NA,5,NA,1118
"889",2012,"Douglas",1,NA,5,NA,NA,5,NA,521
"890",2012,"Ferry",1,0,5,0,0,5,0,71
"891",2012,"Franklin",1,NA,5,12,NA,5,NA,1671
"892",2012,"Garfield",1,0,5,0,0,5,0,17
"893",2012,"Grant",1,NA,5,15,NA,5,NA,1597
"894",2012,"Grays Harbor",1,NA,5,NA,NA,5,NA,813
"895",2012,"Island",1,NA,5,NA,NA,5,NA,863
"896",2012,"Jefferson",1,0,5,0,NA,5,NA,177
"897",2012,"King",1,5,5,131,4,5,102,25032
"898",2012,"Kitsap",1,6,5,20,6,5,19,2993
"899",2012,"Kittitas",1,NA,5,NA,NA,5,NA,410
"900",2012,"Klickitat",1,0,5,0,0,5,0,203
"901",2012,"Lewis",1,NA,5,NA,NA,5,NA,855
"902",2012,"Lincoln",1,0,5,0,0,5,0,94
"903",2012,"Mason",1,NA,5,NA,NA,5,NA,699
"904",2012,"Okanogan",1,NA,5,NA,NA,5,NA,538
"905",2012,"Pacific",1,NA,5,NA,NA,5,NA,205
"906",2012,"Pend Oreille",1,NA,5,NA,0,5,0,122
"907",2012,"Pierce",1,7,5,85,6,5,68,11285
"908",2012,"San Juan",1,0,5,0,NA,5,NA,65
"909",2012,"Skagit",1,NA,5,NA,NA,5,NA,1427
"910",2012,"Skamania",1,0,5,0,0,5,0,108
"911",2012,"Snohomish",1,6,5,63,4,5,43,9226
"912",2012,"Spokane",1,4,5,28,6,5,41,5997
"913",2012,"Stevens",1,NA,5,NA,0,5,0,439
"914",2012,"Thurston",1,5,5,17,NA,5,15,3124
"915",2012,"Wahkiakum",1,0,5,0,0,5,0,39
"916",2012,"Walla Walla",1,NA,5,NA,NA,5,NA,696
"917",2012,"Whatcom",1,NA,5,10,NA,5,15,2259
"918",2012,"Whitman",1,NA,5,NA,NA,5,NA,487
"919",2012,"Yakima",1,7,5,31,5,5,22,4122
"920",2013,"State Total",1,6,6,535,4,4,382,86566
"921",2013,"Adams",1,NA,6,NA,NA,4,NA,400
"922",2013,"Asotin",1,0,6,0,0,4,0,239
"923",2013,"Benton",1,NA,6,16,NA,4,16,2513
"924",2013,"Chelan",1,NA,6,NA,NA,4,NA,901
"925",2013,"Clallam",1,NA,6,NA,NA,4,NA,664
"926",2013,"Clark",1,5,6,30,NA,4,12,5329
"927",2013,"Columbia",1,0,6,0,NA,4,NA,35
"928",2013,"Cowlitz",1,NA,6,NA,NA,4,NA,1177
"929",2013,"Douglas",1,NA,6,NA,NA,4,NA,492
"930",2013,"Ferry",1,NA,6,NA,NA,4,NA,64
"931",2013,"Franklin",1,NA,6,15,NA,4,NA,1618
"932",2013,"Garfield",1,0,6,0,0,4,0,20
"933",2013,"Grant",1,NA,6,NA,NA,4,NA,1469
"934",2013,"Grays Harbor",1,NA,6,NA,NA,4,NA,763
"935",2013,"Island",1,NA,6,NA,NA,4,NA,877
"936",2013,"Jefferson",1,NA,6,NA,NA,4,NA,205
"937",2013,"King",1,5,6,144,4,4,106,24910
"938",2013,"Kitsap",1,7,6,21,6,4,17,2836
"939",2013,"Kittitas",1,NA,6,NA,NA,4,NA,413
"940",2013,"Klickitat",1,0,6,0,0,4,0,204
"941",2013,"Lewis",1,NA,6,NA,NA,4,NA,877
"942",2013,"Lincoln",1,NA,6,NA,0,4,0,95
"943",2013,"Mason",1,NA,6,NA,NA,4,NA,594
"944",2013,"Okanogan",1,NA,6,NA,0,4,0,512
"945",2013,"Pacific",1,NA,6,NA,NA,4,NA,169
"946",2013,"Pend Oreille",1,NA,6,NA,NA,4,NA,113
"947",2013,"Pierce",1,6,6,74,5,4,56,11115
"948",2013,"San Juan",1,0,6,0,0,4,0,105
"949",2013,"Skagit",1,NA,6,NA,NA,4,NA,1439
"950",2013,"Skamania",1,0,6,0,0,4,0,99
"951",2013,"Snohomish",1,5,6,47,3,4,28,9406
"952",2013,"Spokane",1,6,6,42,5,4,30,6059
"953",2013,"Stevens",1,NA,6,NA,NA,4,NA,440
"954",2013,"Thurston",1,6,6,19,5,4,18,3042
"955",2013,"Wahkiakum",1,0,6,0,NA,4,NA,28
"956",2013,"Walla Walla",1,NA,6,10,0,4,0,696
"957",2013,"Whatcom",1,NA,6,12,NA,4,NA,2244
"958",2013,"Whitman",1,NA,6,NA,NA,4,NA,452
"959",2013,"Yakima",1,6,6,25,6,4,24,3952
"960",2014,"State Total",1,6,6,546,4,4,402,88561
"961",2014,"Adams",1,NA,6,NA,NA,4,NA,383
"962",2014,"Asotin",1,0,6,0,NA,4,NA,255
"963",2014,"Benton",1,NA,6,11,NA,4,NA,2660
"964",2014,"Chelan",1,NA,6,NA,NA,4,NA,935
"965",2014,"Clallam",1,NA,6,NA,NA,4,NA,689
"966",2014,"Clark",1,5,6,32,4,4,22,5571
"967",2014,"Columbia",1,0,6,0,0,4,0,38
"968",2014,"Cowlitz",1,NA,6,NA,NA,4,NA,1168
"969",2014,"Douglas",1,NA,6,NA,NA,4,NA,530
"970",2014,"Ferry",1,0,6,0,NA,4,NA,85
"971",2014,"Franklin",1,NA,6,15,NA,4,NA,1638
"972",2014,"Garfield",1,0,6,0,0,4,0,24
"973",2014,"Grant",1,NA,6,13,NA,4,NA,1484
"974",2014,"Grays Harbor",1,NA,6,NA,NA,4,NA,766
"975",2014,"Island",1,NA,6,NA,NA,4,NA,880
"976",2014,"Jefferson",1,NA,6,NA,NA,4,NA,183
"977",2014,"King",1,5,6,146,4,4,109,25348
"978",2014,"Kitsap",1,5,6,17,NA,4,13,3068
"979",2014,"Kittitas",1,NA,6,NA,NA,4,NA,371
"980",2014,"Klickitat",1,NA,6,NA,0,4,0,202
"981",2014,"Lewis",1,NA,6,NA,NA,4,NA,862
"982",2014,"Lincoln",1,0,6,0,NA,4,NA,99
"983",2014,"Mason",1,NA,6,NA,NA,4,NA,611
"984",2014,"Okanogan",1,NA,6,NA,NA,4,NA,499
"985",2014,"Pacific",1,NA,6,NA,NA,4,NA,204
"986",2014,"Pend Oreille",1,NA,6,NA,NA,4,NA,112
"987",2014,"Pierce",1,7,6,83,6,4,72,11664
"988",2014,"San Juan",1,0,6,0,0,4,0,92
"989",2014,"Skagit",1,NA,6,NA,NA,4,NA,1429
"990",2014,"Skamania",1,0,6,0,NA,4,NA,89
"991",2014,"Snohomish",1,5,6,55,3,4,34,9524
"992",2014,"Spokane",1,6,6,39,5,4,31,5892
"993",2014,"Stevens",1,NA,6,NA,NA,4,NA,468
"994",2014,"Thurston",1,NA,6,15,NA,4,13,3184
"995",2014,"Wahkiakum",1,0,6,0,0,4,0,28
"996",2014,"Walla Walla",1,NA,6,NA,NA,4,NA,664
"997",2014,"Whatcom",1,7,6,18,NA,4,NA,2286
"998",2014,"Whitman",1,NA,6,NA,NA,4,NA,441
"999",2014,"Yakima",1,8,6,33,4,4,19,4135
"1000",2016,"Clark",1,5,5,32,4,4,24,5665
"1001",2016,"Columbia",1,0,5,0,0,4,0,39
"1002",2016,"Garfield",1,0,5,0,0,4,0,31
"1003",2016,"King",1,5,5,151,3,4,99,26011
"1004",2016,"Pierce",1,5,5,66,4,4,52,11757
"1005",2016,"San Juan",1,0,5,0,0,4,0,74
"1006",2016,"Skamania",1,0,5,0,0,4,0,97
"1007",2016,"Snohomish",1,4,5,47,4,4,47,10045
"1008",2016,"Spokane",1,4,5,29,3,4,24,6143
"1009",2016,"State Total",1,5,5,509,4,4,390,90489
"1010",2016,"Stevens",1,0,5,0,0,4,0,440
"1011",2016,"Wahkiakum",1,0,5,0,0,4,0,18
"1012",2016,"Yakima",1,7,5,31,4,4,18,3935
"1013",2020,"Benton",1,6,5,17,7,4,18,2486
"1014",2020,"Clark",1,5,5,27,5,4,28,5344
"1015",2020,"Columbia",1,0,5,0,0,4,0,33
"1016",2020,"Garfield",1,0,5,0,0,4,0,18
"1017",2020,"Jefferson",1,0,5,0,0,4,0,129
"1018",2020,"King",1,5,5,126,4,4,98,23638
"1019",2020,"Lincoln",1,0,5,0,0,4,0,117
"1020",2020,"Pierce",1,5,5,63,4,4,49,11045
"1021",2020,"San Juan",1,0,5,0,0,4,0,110
"1022",2020,"Snohomish",1,5,5,55,3,4,32,9339
"1023",2020,"Spokane",1,5,5,34,3,4,21,5718
"1024",2020,"State Total",1,5,5,465,4,4,373,83101
"1025",2020,"Wahkiakum",1,0,5,0,0,4,0,26
"1026",2020,"Yakima",1,6,5,22,5,4,19,3563
"1027",2015,"Clark",1,5,5,29,4,4,24,5561
"1028",2015,"Columbia",1,0,5,0,0,4,0,36
"1029",2015,"Ferry",1,0,5,0,0,4,0,56
"1030",2015,"Garfield",1,0,5,0,0,4,0,30
"1031",2015,"King",1,4,5,126,3,4,93,25487
"1032",2015,"Kitsap",1,5,5,18,5,4,18,3060
"1033",2015,"Pierce",1,8,5,92,5,4,62,11541
"1034",2015,"Skamania",1,0,5,0,0,4,0,95
"1035",2015,"Snohomish",1,4,5,42,4,4,40,9766
"1036",2015,"Spokane",1,5,5,35,6,4,36,6042
"1037",2015,"State Total",1,5,5,510,4,4,431,89000
"1038",2015,"Wahkiakum",1,0,5,0,0,4,0,25
"1039",2019,"Clark",1,3,5,19,4,4,24,5577
"1040",2019,"Garfield",1,0,5,0,0,4,0,21
"1041",2019,"King",1,5,5,138,4,4,98,24090
"1042",2019,"Klickitat",1,0,5,0,0,4,0,213
"1043",2019,"Pacific",1,0,5,0,0,4,0,162
"1044",2019,"Pierce",1,8,5,89,4,4,51,11051
"1045",2019,"Snohomish",1,4,5,41,2,4,24,9669
"1046",2019,"Spokane",1,7,5,45,4,4,26,5809
"1047",2019,"State Total",1,5,5,502,4,4,365,84918
"1048",2018,"Clark",1,4,5,24,3,4,19,5471
"1049",2018,"Columbia",1,0,5,0,0,4,0,34
"1050",2018,"King",1,5,5,136,4,4,102,24337
"1051",2018,"Lincoln",1,0,5,0,0,4,0,105
"1052",2018,"Pierce",1,7,5,87,6,4,73,11462
"1053",2018,"San Juan",1,0,5,0,0,4,0,85
"1054",2018,"Snohomish",1,4,5,39,3,4,37,9754
"1055",2018,"Spokane",1,6,5,36,5,4,30,5728
"1056",2018,"State Total",1,5,5,507,4,4,400,86046
"1057",2018,"Thurston",1,8,5,27,6,4,19,3105
"1058",2018,"Yakima",1,7,5,27,5,4,20,3688
"1059",2017,"Clark",1,5,6,28,4,3,26,5514
"1060",2017,"Columbia",1,0,6,0,0,3,0,35
"1061",2017,"Garfield",1,0,6,0,0,3,0,25
"1062",2017,"King",1,5,6,149,3,3,84,25274
"1063",2017,"Pierce",1,6,6,77,4,3,48,11285
"1064",2017,"San Juan",1,0,6,0,0,3,0,84
"1065",2017,"Skamania",1,0,6,0,0,3,0,100
"1066",2017,"Snohomish",1,5,6,54,4,3,41,9877
"1067",2017,"Spokane",1,8,6,50,4,3,24,5886
"1068",2017,"State Total",1,6,6,532,3,3,344,87508
"1069",2017,"Wahkiakum",1,0,6,0,0,3,0,27
"1070",2017,"Whitman",1,0,6,0,0,3,0,418
"1071",2020,"Thurston",1,NA,5,12,6,4,18,2942
"1072",2015,"Thurston",1,NA,5,15,6,4,19,3072
"1073",2019,"Kitsap",1,NA,5,11,7,4,21,2952
"1074",2016,"Clallam",1,NA,5,NA,0,4,0,656
"1075",2016,"Ferry",1,NA,5,NA,0,4,0,80
"1076",2016,"Klickitat",1,NA,5,NA,0,4,0,189
"1077",2016,"Whitman",1,NA,5,NA,0,4,0,423
"1078",2020,"Pacific",1,NA,5,NA,0,4,0,177
"1079",2020,"Stevens",1,NA,5,NA,0,4,0,407
"1080",2015,"Adams",1,NA,5,NA,0,4,0,350
"1081",2015,"Klickitat",1,NA,5,NA,0,4,0,189
"1082",2015,"Pend Oreille",1,NA,5,NA,0,4,0,133
"1083",2019,"Wahkiakum",1,NA,5,NA,0,4,0,21
"1084",2018,"Douglas",1,NA,5,NA,0,4,0,486
"1085",2018,"Walla Walla",1,NA,5,NA,0,4,0,604
"1086",2017,"Lincoln",1,NA,6,NA,0,3,0,107
"1087",2016,"Benton",1,7,5,20,NA,4,13,2760
"1088",2015,"Whatcom",1,8,5,19,NA,4,14,2373
"1089",2015,"Yakima",1,5,5,20,NA,4,16,3995
"1090",2019,"Thurston",1,8,5,25,NA,4,14,3063
"1091",2019,"Yakima",1,5,5,19,NA,4,10,3489
"1092",2018,"Benton",1,6,5,17,NA,4,10,2551
"1093",2018,"Kitsap",1,6,5,19,NA,4,16,2994
"1094",2017,"Benton",1,8,6,21,NA,3,15,2563
"1095",2017,"Kitsap",1,6,6,19,NA,3,12,2978
"1096",2017,"Yakima",1,5,6,19,NA,3,16,3788
"1097",2016,"Kitsap",1,NA,5,16,NA,4,10,3148
"1098",2016,"Thurston",1,NA,5,16,NA,4,16,3203
"1099",2020,"Kitsap",1,NA,5,16,NA,4,14,2794
"1100",2020,"Whatcom",1,NA,5,14,NA,4,12,2003
"1101",2019,"Benton",1,NA,5,15,NA,4,14,2533
"1102",2016,"Grant",1,NA,5,NA,NA,4,11,1472
"1103",2015,"Benton",1,NA,5,NA,NA,4,15,2668
"1104",2015,"Lewis",1,NA,5,NA,NA,4,14,892
"1105",2019,"Grant",1,NA,5,NA,NA,4,10,1428
"1106",2017,"Cowlitz",1,NA,6,NA,NA,3,12,1294
"1107",2016,"Lincoln",1,0,5,0,NA,4,NA,101
"1108",2016,"Whatcom",1,8,5,20,NA,4,NA,2279
"1109",2020,"Ferry",1,0,5,0,NA,4,NA,64
"1110",2020,"Whitman",1,0,5,0,NA,4,NA,378
"1111",2015,"Lincoln",1,0,5,0,NA,4,NA,97
"1112",2015,"Pacific",1,0,5,0,NA,4,NA,193
"1113",2015,"Skagit",1,12,5,18,NA,4,NA,1442
"1114",2015,"Whitman",1,0,5,0,NA,4,NA,444
"1115",2019,"Asotin",1,0,5,0,NA,4,NA,217
"1116",2019,"Columbia",1,0,5,0,NA,4,NA,30
"1117",2019,"Douglas",1,0,5,0,NA,4,NA,480
"1118",2019,"Lincoln",1,0,5,0,NA,4,NA,89
"1119",2019,"San Juan",1,0,5,0,NA,4,NA,100
"1120",2019,"Whatcom",1,10,5,20,NA,4,NA,1992
"1121",2018,"Ferry",1,0,5,0,NA,4,NA,64
"1122",2018,"Garfield",1,0,5,0,NA,4,NA,23
"1123",2018,"Pacific",1,0,5,0,NA,4,NA,172
"1124",2018,"Skamania",1,0,5,0,NA,4,NA,93
"1125",2018,"Wahkiakum",1,0,5,0,NA,4,NA,36
"1126",2017,"Ferry",1,0,6,0,NA,3,NA,71
"1127",2017,"Kittitas",1,0,6,0,NA,3,NA,420
"1128",2017,"Klickitat",1,0,6,0,NA,3,NA,216
"1129",2017,"Stevens",1,0,6,0,NA,3,NA,432
"1130",2016,"Skagit",1,NA,5,12,NA,4,NA,1515
"1131",2020,"Grant",1,NA,5,10,NA,4,NA,1381
"1132",2015,"Franklin",1,NA,5,10,NA,4,NA,1669
"1133",2015,"Grant",1,NA,5,12,NA,4,NA,1501
"1134",2019,"Lewis",1,NA,5,11,NA,4,NA,922
"1135",2018,"Skagit",1,NA,5,10,NA,4,NA,1387
"1136",2018,"Whatcom",1,NA,5,13,NA,4,NA,2161
"1137",2017,"Grant",1,NA,6,10,NA,3,NA,1444
"1138",2017,"Skagit",1,NA,6,10,NA,3,NA,1430
"1139",2017,"Thurston",1,NA,6,14,NA,3,NA,3071
"1140",2017,"Whatcom",1,NA,6,15,NA,3,NA,2164
"1141",2016,"Adams",1,NA,5,NA,NA,4,NA,374
"1142",2016,"Asotin",1,NA,5,NA,NA,4,NA,231
"1143",2016,"Chelan",1,NA,5,NA,NA,4,NA,924
"1144",2016,"Cowlitz",1,NA,5,NA,NA,4,NA,1285
"1145",2016,"Douglas",1,NA,5,NA,NA,4,NA,516
"1146",2016,"Franklin",1,NA,5,NA,NA,4,NA,1635
"1147",2016,"Grays Harbor",1,NA,5,NA,NA,4,NA,770
"1148",2016,"Island",1,NA,5,NA,NA,4,NA,945
"1149",2016,"Jefferson",1,NA,5,NA,NA,4,NA,192
"1150",2016,"Kittitas",1,NA,5,NA,NA,4,NA,406
"1151",2016,"Lewis",1,NA,5,NA,NA,4,NA,970
"1152",2016,"Mason",1,NA,5,NA,NA,4,NA,669
"1153",2016,"Okanogan",1,NA,5,NA,NA,4,NA,510
"1154",2016,"Pacific",1,NA,5,NA,NA,4,NA,203
"1155",2016,"Pend Oreille",1,NA,5,NA,NA,4,NA,117
"1156",2016,"Walla Walla",1,NA,5,NA,NA,4,NA,661
"1157",2020,"Adams",1,NA,5,NA,NA,4,NA,328
"1158",2020,"Asotin",1,NA,5,NA,NA,4,NA,212
"1159",2020,"Chelan",1,NA,5,NA,NA,4,NA,794
"1160",2020,"Clallam",1,NA,5,NA,NA,4,NA,606
"1161",2020,"Cowlitz",1,NA,5,NA,NA,4,NA,1236
"1162",2020,"Douglas",1,NA,5,NA,NA,4,NA,465
"1163",2020,"Franklin",1,NA,5,NA,NA,4,NA,1477
"1164",2020,"Grays Harbor",1,NA,5,NA,NA,4,NA,683
"1165",2020,"Island",1,NA,5,NA,NA,4,NA,787
"1166",2020,"Kittitas",1,NA,5,NA,NA,4,NA,392
"1167",2020,"Klickitat",1,NA,5,NA,NA,4,NA,202
"1168",2020,"Lewis",1,NA,5,NA,NA,4,NA,890
"1169",2020,"Mason",1,NA,5,NA,NA,4,NA,669
"1170",2020,"Okanogan",1,NA,5,NA,NA,4,NA,419
"1171",2020,"Pend Oreille",1,NA,5,NA,NA,4,NA,110
"1172",2020,"Skagit",1,NA,5,NA,NA,4,NA,1350
"1173",2020,"Skamania",1,NA,5,NA,NA,4,NA,109
"1174",2020,"Walla Walla",1,NA,5,NA,NA,4,NA,559
"1175",2015,"Asotin",1,NA,5,NA,NA,4,NA,228
"1176",2015,"Chelan",1,NA,5,NA,NA,4,NA,954
"1177",2015,"Clallam",1,NA,5,NA,NA,4,NA,672
"1178",2015,"Cowlitz",1,NA,5,NA,NA,4,NA,1233
"1179",2015,"Douglas",1,NA,5,NA,NA,4,NA,549
"1180",2015,"Grays Harbor",1,NA,5,NA,NA,4,NA,779
"1181",2015,"Island",1,NA,5,NA,NA,4,NA,952
"1182",2015,"Jefferson",1,NA,5,NA,NA,4,NA,187
"1183",2015,"Kittitas",1,NA,5,NA,NA,4,NA,422
"1184",2015,"Mason",1,NA,5,NA,NA,4,NA,627
"1185",2015,"Okanogan",1,NA,5,NA,NA,4,NA,490
"1186",2015,"San Juan",1,NA,5,NA,NA,4,NA,85
"1187",2015,"Stevens",1,NA,5,NA,NA,4,NA,431
"1188",2015,"Walla Walla",1,NA,5,NA,NA,4,NA,674
"1189",2019,"Adams",1,NA,5,NA,NA,4,NA,380
"1190",2019,"Chelan",1,NA,5,NA,NA,4,NA,882
"1191",2019,"Clallam",1,NA,5,NA,NA,4,NA,587
"1192",2019,"Cowlitz",1,NA,5,NA,NA,4,NA,1238
"1193",2019,"Ferry",1,NA,5,NA,NA,4,NA,70
"1194",2019,"Franklin",1,NA,5,NA,NA,4,NA,1524
"1195",2019,"Grays Harbor",1,NA,5,NA,NA,4,NA,714
"1196",2019,"Island",1,NA,5,NA,NA,4,NA,894
"1197",2019,"Jefferson",1,NA,5,NA,NA,4,NA,199
"1198",2019,"Kittitas",1,NA,5,NA,NA,4,NA,394
"1199",2019,"Mason",1,NA,5,NA,NA,4,NA,620
"1200",2019,"Okanogan",1,NA,5,NA,NA,4,NA,459
"1201",2019,"Pend Oreille",1,NA,5,NA,NA,4,NA,116
"1202",2019,"Skagit",1,NA,5,NA,NA,4,NA,1392
"1203",2019,"Skamania",1,NA,5,NA,NA,4,NA,100
"1204",2019,"Stevens",1,NA,5,NA,NA,4,NA,375
"1205",2019,"Walla Walla",1,NA,5,NA,NA,4,NA,618
"1206",2019,"Whitman",1,NA,5,NA,NA,4,NA,348
"1207",2018,"Adams",1,NA,5,NA,NA,4,NA,384
"1208",2018,"Asotin",1,NA,5,NA,NA,4,NA,256
"1209",2018,"Chelan",1,NA,5,NA,NA,4,NA,852
"1210",2018,"Clallam",1,NA,5,NA,NA,4,NA,598
"1211",2018,"Cowlitz",1,NA,5,NA,NA,4,NA,1234
"1212",2018,"Franklin",1,NA,5,NA,NA,4,NA,1512
"1213",2018,"Grant",1,NA,5,NA,NA,4,NA,1495
"1214",2018,"Grays Harbor",1,NA,5,NA,NA,4,NA,756
"1215",2018,"Island",1,NA,5,NA,NA,4,NA,878
"1216",2018,"Jefferson",1,NA,5,NA,NA,4,NA,187
"1217",2018,"Kittitas",1,NA,5,NA,NA,4,NA,409
"1218",2018,"Klickitat",1,NA,5,NA,NA,4,NA,216
"1219",2018,"Lewis",1,NA,5,NA,NA,4,NA,879
"1220",2018,"Mason",1,NA,5,NA,NA,4,NA,634
"1221",2018,"Okanogan",1,NA,5,NA,NA,4,NA,472
"1222",2018,"Pend Oreille",1,NA,5,NA,NA,4,NA,114
"1223",2018,"Stevens",1,NA,5,NA,NA,4,NA,429
"1224",2018,"Whitman",1,NA,5,NA,NA,4,NA,361
"1225",2017,"Adams",1,NA,6,NA,NA,3,NA,392
"1226",2017,"Asotin",1,NA,6,NA,NA,3,NA,182
"1227",2017,"Chelan",1,NA,6,NA,NA,3,NA,851
"1228",2017,"Clallam",1,NA,6,NA,NA,3,NA,661
"1229",2017,"Douglas",1,NA,6,NA,NA,3,NA,560
"1230",2017,"Franklin",1,NA,6,NA,NA,3,NA,1574
"1231",2017,"Grays Harbor",1,NA,6,NA,NA,3,NA,699
"1232",2017,"Island",1,NA,6,NA,NA,3,NA,935
"1233",2017,"Jefferson",1,NA,6,NA,NA,3,NA,165
"1234",2017,"Lewis",1,NA,6,NA,NA,3,NA,883
"1235",2017,"Mason",1,NA,6,NA,NA,3,NA,643
"1236",2017,"Okanogan",1,NA,6,NA,NA,3,NA,503
"1237",2017,"Pacific",1,NA,6,NA,NA,3,NA,177
"1238",2017,"Pend Oreille",1,NA,6,NA,NA,3,NA,120
"1239",2017,"Walla Walla",1,NA,6,NA,NA,3,NA,613
