StatOverview_Full_Data_data,,,,,,,,,,,,,,,
Year,FDAnnotate,FDSuppress,Geography,ID Annotate,ID Rate Lower CI,ID Rate Upper CI,ID Suppress,Number of Records,Fetal Death Rate,Fetal Death State Rate,Fetal Deaths,Infant Death Rate,Infant Death State Rate,Infant Deaths,Live Births
1990,,,State Total,,7.2,8.5,,1,5.7,5.7,454,7.8,7.8,622,79468
1990,NR,**,Adams,NR,,,**,1,,5.7,,,7.8,,272
1990,NR,**,Asotin,NR,,,**,1,,5.7,,,7.8,,271
1990,NR,**,Benton,,7.2,17.3,,1,,5.7,,11.4,7.8,22,1925
1990,NR,**,Chelan,NR,,,,1,,5.7,,,7.8,10,1001
1990,NR,**,Clallam,NR,,,**,1,,5.7,,,7.8,,759
1990,NR,,Clark,,3.4,8.2,,1,,5.7,11,5.4,7.8,22,4078
1990,,,Columbia,,,,,1,0,5.7,0,0,7.8,0,52
1990,NR,**,Cowlitz,NR,,,,1,,5.7,,,7.8,14,1364
1990,NR,**,Douglas,NR,,,**,1,,5.7,,,7.8,,447
1990,,,Ferry,NR,,,**,1,0,5.7,0,,7.8,,85
1990,NR,**,Franklin,NR,,,**,1,,5.7,,,7.8,,910
1990,,,Garfield,,,,,1,0,5.7,0,0,7.8,0,21
1990,NR,**,Grant,NR,,,,1,,5.7,,,7.8,12,997
1990,NR,**,Grays Harbor,NR,,,**,1,,5.7,,,7.8,,952
1990,NR,**,Island,NR,,,**,1,,5.7,,,7.8,,1071
1990,NR,**,Jefferson,NR,,,**,1,,5.7,,,7.8,,216
1990,,,King,,5.8,8,,1,6.3,5.7,145,6.8,7.8,157,23104
1990,,,Kitsap,,4.5,10.5,,1,5.3,5.7,18,7,7.8,24,3413
1990,,,Kittitas,NR,,,**,1,0,5.7,0,,7.8,,325
1990,,,Klickitat,NR,,,**,1,0,5.7,0,,7.8,,235
1990,NR,**,Lewis,NR,,,**,1,,5.7,,,7.8,,886
1990,NR,**,Lincoln,,,,,1,,5.7,,0,7.8,0,97
1990,NR,**,Mason,NR,,,**,1,,5.7,,,7.8,,509
1990,NR,**,Okanogan,NR,,,**,1,,5.7,,,7.8,,560
1990,NR,**,Pacific,NR,,,**,1,,5.7,,,7.8,,230
1990,NR,**,Pend Oreille,NR,,,**,1,,5.7,,,7.8,,139
1990,,,Pierce,,7.5,11.3,,1,5.7,5.7,60,9.3,7.8,98,10570
1990,,,San Juan,,,,,1,0,5.7,0,0,7.8,0,106
1990,NR,**,Skagit,NR,,,,1,,5.7,,,7.8,10,1234
1990,,,Skamania,NR,,,**,1,0,5.7,0,,7.8,,101
1990,,,Snohomish,,4.4,7.8,,1,4.7,5.7,39,5.9,7.8,49,8286
1990,,,Spokane,,4.7,9.1,,1,6.4,5.7,36,6.6,7.8,37,5591
1990,NR,**,Stevens,NR,,,**,1,,5.7,,,7.8,,400
1990,NR,,Thurston,,4.2,11.5,,1,,5.7,10,7.2,7.8,17,2367
1990,,,Wahkiakum,,,,,1,0,5.7,0,0,7.8,0,26
1990,NR,**,Walla Walla,NR,,,**,1,,5.7,,,7.8,,665
1990,NR,,Whatcom,NR,,,,1,,5.7,11,,7.8,14,1774
1990,NR,**,Whitman,NR,,,**,1,,5.7,,,7.8,,402
1990,,,Yakima,,8.2,15,,1,8.2,5.7,33,11.2,7.8,45,4027
1991,,,State Total,,7,8.2,,1,5.3,5.3,421,7.5,7.5,603,79962
1991,NR,**,Adams,NR,,,**,1,,5.3,,,7.5,,317
1991,NR,**,Asotin,NR,,,**,1,,5.3,,,7.5,,258
1991,NR,,Benton,NR,,,,1,,5.3,12,,7.5,13,1940
1991,NR,**,Chelan,NR,,,**,1,,5.3,,,7.5,,929
1991,NR,**,Clallam,NR,,,**,1,,5.3,,,7.5,,736
1991,NR,,Clark,,3.8,8.8,,1,,5.3,14,5.9,7.5,24,4042
1991,,,Columbia,,,,,1,0,5.3,0,0,7.5,0,49
1991,NR,**,Cowlitz,NR,,,,1,,5.3,,,7.5,13,1316
1991,NR,**,Douglas,NR,,,**,1,,5.3,,,7.5,,406
1991,,,Ferry,NR,,,**,1,0,5.3,0,,7.5,,94
1991,NR,**,Franklin,NR,,,,1,,5.3,,,7.5,13,964
1991,,,Garfield,,,,,1,0,5.3,0,0,7.5,0,26
1991,NR,**,Grant,NR,,,**,1,,5.3,,,7.5,,1100
1991,NR,**,Grays Harbor,NR,,,**,1,,5.3,,,7.5,,993
1991,NR,**,Island,NR,,,,1,,5.3,,,7.5,15,1032
1991,NR,**,Jefferson,NR,,,**,1,,5.3,,,7.5,,248
1991,,,King,,6.2,8.5,,1,5.9,5.3,136,7.3,7.5,167,23002
1991,NR,,Kitsap,,6.1,12.6,,1,,5.3,11,8.9,7.5,31,3484
1991,,,Kittitas,NR,,,**,1,0,5.3,0,,7.5,,332
1991,NR,**,Klickitat,NR,,,**,1,,5.3,,,7.5,,234
1991,NR,**,Lewis,NR,,,,1,,5.3,,,7.5,11,892
1991,NR,**,Lincoln,,,,,1,,5.3,,0,7.5,0,94
1991,NR,**,Mason,NR,,,**,1,,5.3,,,7.5,,490
1991,NR,**,Okanogan,NR,,,**,1,,5.3,,,7.5,,581
1991,,,Pacific,,,,,1,0,5.3,0,0,7.5,0,205
1991,,,Pend Oreille,NR,,,**,1,0,5.3,0,,7.5,,131
1991,,,Pierce,,7.1,10.8,,1,4.9,5.3,51,8.8,7.5,91,10312
1991,,,San Juan,NR,,,**,1,0,5.3,0,,7.5,,111
1991,NR,**,Skagit,NR,,,**,1,,5.3,,,7.5,,1265
1991,,,Skamania,,,,,1,0,5.3,0,0,7.5,0,110
1991,,,Snohomish,,3.6,6.8,,1,4.9,5.3,40,5,7.5,41,8224
1991,,,Spokane,,6.1,10.9,,1,7.9,5.3,46,8.2,7.5,48,5844
1991,NR,**,Stevens,NR,,,**,1,,5.3,,,7.5,,393
1991,NR,**,Thurston,,4.7,12.2,,1,,5.3,,7.8,7.5,19,2442
1991,,,Wahkiakum,,,,,1,0,5.3,0,0,7.5,0,38
1991,NR,**,Walla Walla,NR,,,**,1,,5.3,,,7.5,,720
1991,NR,,Whatcom,NR,,,,1,,5.3,10,,7.5,10,1953
1991,NR,**,Whitman,NR,,,**,1,,5.3,,,7.5,,424
1991,,,Yakima,,7.2,13.4,,1,6.1,5.3,26,9.9,7.5,42,4231
1992,,,State Total,,6.2,7.3,,1,5.6,5.6,446,6.8,6.8,539,79897
1992,NR,**,Adams,NR,,,**,1,,5.6,,,6.8,,291
1992,NR,**,Asotin,,,,,1,,5.6,,0,6.8,0,284
1992,NR,,Benton,NR,,,,1,,5.6,10,,6.8,11,1932
1992,NR,**,Chelan,NR,,,**,1,,5.6,,,6.8,,998
1992,NR,**,Clallam,NR,,,**,1,,5.6,,,6.8,,665
1992,NR,**,Clark,,5.4,11.2,,1,,5.6,,8,6.8,32,4025
1992,,,Columbia,,,,,1,0,5.6,0,0,6.8,0,50
1992,NR,**,Cowlitz,NR,,,,1,,5.6,,,6.8,12,1261
1992,NR,**,Douglas,NR,,,**,1,,5.6,,,6.8,,414
1992,NR,**,Ferry,NR,,,**,1,,5.6,,,6.8,,90
1992,NR,**,Franklin,NR,,,,1,,5.6,,,6.8,10,972
1992,,,Garfield,,,,,1,0,5.6,0,0,6.8,0,20
1992,NR,**,Grant,NR,,,**,1,,5.6,,,6.8,,1115
1992,NR,**,Grays Harbor,NR,,,**,1,,5.6,,,6.8,,938
1992,NR,**,Island,NR,,,**,1,,5.6,,,6.8,,1077
1992,,,Jefferson,NR,,,**,1,0,5.6,0,,6.8,,233
1992,,,King,,5,7.1,,1,5.3,5.6,124,6,6.8,139,23188
1992,,,Kitsap,,4.3,10,,1,6.2,5.6,22,6.7,6.8,24,3568
1992,NR,**,Kittitas,NR,,,**,1,,5.6,,,6.8,,309
1992,,,Klickitat,NR,,,**,1,0,5.6,0,,6.8,,242
1992,NR,**,Lewis,NR,,,**,1,,5.6,,,6.8,,826
1992,,,Lincoln,,,,,1,0,5.6,0,0,6.8,0,89
1992,NR,**,Mason,NR,,,**,1,,5.6,,,6.8,,506
1992,NR,**,Okanogan,NR,,,**,1,,5.6,,,6.8,,534
1992,NR,**,Pacific,NR,,,**,1,,5.6,,,6.8,,222
1992,NR,**,Pend Oreille,,,,,1,,5.6,,0,6.8,0,141
1992,,,Pierce,,6.1,9.6,,1,6.2,5.6,64,7.7,6.8,80,10398
1992,NR,**,San Juan,NR,,,**,1,,5.6,,,6.8,,114
1992,NR,**,Skagit,NR,,,**,1,,5.6,,,6.8,,1338
1992,,,Skamania,,,,,1,0,5.6,0,0,6.8,0,83
1992,,,Snohomish,,3.5,6.7,,1,3.7,5.6,30,4.9,6.8,40,8128
1992,,,Spokane,,4.5,8.9,,1,7.1,5.6,40,6.4,6.8,36,5595
1992,NR,**,Stevens,NR,,,**,1,,5.6,,,6.8,,442
1992,NR,,Thurston,NR,,,,1,,5.6,16,,6.8,10,2482
1992,NR,**,Wahkiakum,,,,,1,,5.6,,0,6.8,0,27
1992,NR,**,Walla Walla,NR,,,**,1,,5.6,,,6.8,,743
1992,NR,,Whatcom,NR,,,,1,,5.6,14,,6.8,11,1840
1992,NR,**,Whitman,NR,,,**,1,,5.6,,,6.8,,391
1992,,,Yakima,,6.8,12.9,,1,6,5.6,26,9.5,6.8,41,4326
1993,,,State Total,,5.7,6.9,,1,5,5,390,6.3,6.3,495,78771
1993,NR,**,Adams,NR,,,**,1,,5,,,6.3,,339
1993,,,Asotin,NR,,,**,1,0,5,0,,6.3,,255
1993,NR,**,Benton,NR,,,,1,,5,,,6.3,16,1976
1993,NR,**,Chelan,NR,,,**,1,,5,,,6.3,,938
1993,NR,**,Clallam,NR,,,**,1,,5,,,6.3,,686
1993,NR,,Clark,,3.3,8.1,,1,,5,11,5.3,6.3,22,4132
1993,,,Columbia,,,,,1,0,5,0,0,6.3,0,47
1993,NR,**,Cowlitz,NR,,,,1,,5,,,6.3,10,1232
1993,NR,**,Douglas,,,,,1,,5,,0,6.3,0,443
1993,NR,**,Ferry,NR,,,**,1,,5,,,6.3,,79
1993,NR,**,Franklin,NR,,,**,1,,5,,,6.3,,965
1993,,,Garfield,,,,,1,0,5,0,0,6.3,0,21
1993,NR,**,Grant,NR,,,**,1,,5,,,6.3,,1161
1993,NR,**,Grays Harbor,NR,,,**,1,,5,,,6.3,,861
1993,NR,**,Island,NR,,,**,1,,5,,,6.3,,1028
1993,NR,**,Jefferson,NR,,,**,1,,5,,,6.3,,236
1993,,,King,,4.6,6.6,,1,5.6,5,125,5.5,6.3,123,22355
1993,,,Kitsap,,3.2,8.8,,1,5.8,5,18,5.5,6.3,17,3101
1993,NR,**,Kittitas,NR,,,**,1,,5,,,6.3,,305
1993,NR,**,Klickitat,NR,,,**,1,,5,,,6.3,,239
1993,NR,**,Lewis,NR,,,**,1,,5,,,6.3,,815
1993,,,Lincoln,,,,,1,0,5,0,0,6.3,0,117
1993,NR,**,Mason,NR,,,**,1,,5,,,6.3,,500
1993,NR,**,Okanogan,NR,,,**,1,,5,,,6.3,,588
1993,NR,**,Pacific,NR,,,**,1,,5,,,6.3,,239
1993,,,Pend Oreille,NR,,,**,1,0,5,0,,6.3,,140
1993,,,Pierce,,5.7,9.1,,1,4.8,5,49,7.2,6.3,74,10228
1993,NR,**,San Juan,,,,,1,,5,,0,6.3,0,103
1993,NR,**,Skagit,NR,,,**,1,,5,,,6.3,,1255
1993,,,Skamania,NR,,,**,1,0,5,0,,6.3,,95
1993,,,Snohomish,,4.3,7.8,,1,3.2,5,26,5.8,6.3,47,8062
1993,,,Spokane,,5.5,10.2,,1,5.2,5,30,7.6,6.3,44,5781
1993,NR,**,Stevens,NR,,,**,1,,5,,,6.3,,414
1993,,,Thurston,NR,,,,1,7.3,5,18,,6.3,10,2467
1993,,,Wahkiakum,,,,,1,0,5,0,0,6.3,0,32
1993,NR,**,Walla Walla,NR,,,**,1,,5,,,6.3,,731
1993,NR,,Whatcom,NR,,,,1,,5,10,,6.3,11,1986
1993,NR,**,Whitman,NR,,,**,1,,5,,,6.3,,444
1993,,,Yakima,,6,11.7,,1,8.5,5,37,8.5,6.3,37,4375
1994,,,State Total,,5.6,6.8,,1,5.7,5.7,438,6.2,6.2,478,77368
1994,NR,**,Adams,NR,,,**,1,,5.7,,,6.2,,293
1994,NR,**,Asotin,NR,,,**,1,,5.7,,,6.2,,238
1994,NR,,Benton,NR,,,,1,,5.7,10,,6.2,13,1952
1994,NR,**,Chelan,NR,,,**,1,,5.7,,,6.2,,1009
1994,NR,**,Clallam,NR,,,**,1,,5.7,,,6.2,,601
1994,,,Clark,,3.9,8.8,,1,4.6,5.7,20,6,6.2,26,4338
1994,,,Columbia,NR,,,**,1,0,5.7,0,,6.2,,46
1994,NR,**,Cowlitz,NR,,,,1,,5.7,,,6.2,10,1211
1994,NR,**,Douglas,NR,,,**,1,,5.7,,,6.2,,462
1994,NR,**,Ferry,NR,,,**,1,,5.7,,,6.2,,88
1994,NR,,Franklin,NR,,,**,1,,5.7,10,,6.2,,985
1994,,,Garfield,,,,,1,0,5.7,0,0,6.2,0,15
1994,,,Grant,NR,,,**,1,14.8,5.7,17,,6.2,,1149
1994,NR,**,Grays Harbor,NR,,,**,1,,5.7,,,6.2,,844
1994,NR,,Island,NR,,,**,1,,5.7,11,,6.2,,1023
1994,NR,**,Jefferson,NR,,,**,1,,5.7,,,6.2,,214
1994,,,King,,5.2,7.3,,1,5.6,5.7,124,6.2,6.2,136,22010
1994,NR,,Kitsap,,3,8.2,,1,,5.7,16,5.1,6.2,17,3323
1994,NR,**,Kittitas,NR,,,**,1,,5.7,,,6.2,,291
1994,,,Klickitat,NR,,,**,1,0,5.7,0,,6.2,,229
1994,NR,**,Lewis,NR,,,**,1,,5.7,,,6.2,,857
1994,NR,**,Lincoln,,,,,1,,5.7,,0,6.2,0,96
1994,NR,**,Mason,NR,,,**,1,,5.7,,,6.2,,544
1994,NR,**,Okanogan,NR,,,**,1,,5.7,,,6.2,,547
1994,NR,**,Pacific,NR,,,**,1,,5.7,,,6.2,,220
1994,,,Pend Oreille,NR,,,**,1,0,5.7,0,,6.2,,136
1994,,,Pierce,,5.3,8.7,,1,4.5,5.7,44,6.9,6.2,67,9763
1994,,,San Juan,,,,,1,0,5.7,0,0,6.2,0,106
1994,NR,**,Skagit,NR,,,**,1,,5.7,,,6.2,,1273
1994,NR,**,Skamania,NR,,,**,1,,5.7,,,6.2,,83
1994,,,Snohomish,,3.1,6.2,,1,4.3,5.7,34,4.5,6.2,35,7833
1994,,,Spokane,,4.8,9.5,,1,6.5,5.7,35,6.9,6.2,37,5379
1994,NR,**,Stevens,NR,,,**,1,,5.7,,,6.2,,443
1994,NR,,Thurston,NR,,,,1,,5.7,14,,6.2,13,2447
1994,,,Wahkiakum,,,,,1,0,5.7,0,0,6.2,0,38
1994,NR,,Walla Walla,NR,,,**,1,,5.7,11,,6.2,,698
1994,NR,,Whatcom,NR,,,**,1,,5.7,10,,6.2,,1920
1994,,,Whitman,NR,,,**,1,0,5.7,0,,6.2,,391
1994,,,Yakima,,4.4,9.5,,1,4.4,5.7,19,6.6,6.2,28,4273
1995,,,State Total,,5.3,6.4,,1,5.4,5.4,419,5.8,5.8,449,77240
1995,NR,**,Adams,NR,,,**,1,,5.4,,,5.8,,321
1995,NR,**,Asotin,NR,,,**,1,,5.4,,,5.8,,263
1995,NR,,Benton,NR,,,,1,,5.4,13,,5.8,12,1983
1995,NR,**,Chelan,,,,,1,,5.4,,0,5.8,0,953
1995,NR,**,Clallam,NR,,,**,1,,5.4,,,5.8,,660
1995,NR,,Clark,,2.9,7,,1,,5.4,13,4.6,5.8,21,4558
1995,NR,**,Columbia,NR,,,**,1,,5.4,,,5.8,,45
1995,NR,**,Cowlitz,NR,,,,1,,5.4,,,5.8,10,1222
1995,NR,**,Douglas,NR,,,**,1,,5.4,,,5.8,,441
1995,,,Ferry,,,,,1,0,5.4,0,0,5.8,0,81
1995,NR,**,Franklin,NR,,,**,1,,5.4,,,5.8,,1003
1995,,,Garfield,,,,,1,0,5.4,0,0,5.8,0,22
1995,NR,**,Grant,NR,,,**,1,,5.4,,,5.8,,1294
1995,NR,**,Grays Harbor,NR,,,**,1,,5.4,,,5.8,,864
1995,NR,**,Island,NR,,,,1,,5.4,,,5.8,10,939
1995,NR,**,Jefferson,NR,,,**,1,,5.4,,,5.8,,216
1995,,,King,,4.6,6.7,,1,5.6,5.4,122,5.6,5.8,122,21817
1995,NR,,Kitsap,NR,,,,1,,5.4,16,,5.8,13,3307
1995,NR,**,Kittitas,NR,,,**,1,,5.4,,,5.8,,327
1995,,,Klickitat,,,,,1,0,5.4,0,0,5.8,0,225
1995,NR,**,Lewis,NR,,,**,1,,5.4,,,5.8,,910
1995,NR,**,Lincoln,,,,,1,,5.4,,0,5.8,0,96
1995,,,Mason,NR,,,**,1,0,5.4,0,,5.8,,538
1995,NR,**,Okanogan,NR,,,**,1,,5.4,,,5.8,,574
1995,NR,**,Pacific,NR,,,**,1,,5.4,,,5.8,,215
1995,NR,**,Pend Oreille,NR,,,**,1,,5.4,,,5.8,,154
1995,,,Pierce,,5.1,8.5,,1,6.1,5.4,57,6.6,5.8,62,9400
1995,,,San Juan,,,,,1,0,5.4,0,0,5.8,0,104
1995,NR,**,Skagit,NR,,,**,1,,5.4,,,5.8,,1299
1995,,,Skamania,,,,,1,0,5.4,0,0,5.8,0,82
1995,,,Snohomish,,3.9,7.3,,1,6,5.4,46,5.4,5.8,41,7629
1995,,,Spokane,,5.8,10.7,,1,4.9,5.4,27,8,5.8,44,5503
1995,NR,**,Stevens,NR,,,**,1,,5.4,,,5.8,,453
1995,NR,,Thurston,NR,,,,1,,5.4,12,,5.8,12,2442
1995,NR,**,Wahkiakum,,,,,1,,5.4,,0,5.8,0,38
1995,NR,**,Walla Walla,NR,,,**,1,,5.4,,,5.8,,730
1995,NR,**,Whatcom,NR,,,,1,,5.4,,,5.8,10,1850
1995,NR,**,Whitman,,,,,1,,5.4,,0,5.8,0,458
1995,,,Yakima,,3.8,8.7,,1,5,5.4,21,5.9,5.8,25,4224
1996,,,State Total,,5.5,6.6,,1,5.9,5.9,460,6,5.5,467,77874
1996,NR,**,Adams,NR,,,**,1,,5.9,,,5.5,,293
1996,NR,**,Asotin,NR,,,**,1,,5.9,,,5.5,,241
1996,NR,,Benton,NR,,,,1,,5.9,15,,5.5,13,2003
1996,NR,**,Chelan,NR,,,**,1,,5.9,,,5.5,,986
1996,NR,**,Clallam,NR,,,**,1,,5.9,,,5.5,,640
1996,,,Clark,,4.3,9.1,,1,5.5,5.9,26,6.4,5.5,30,4726
1996,NR,**,Columbia,,,,,1,,5.9,,0,5.5,0,50
1996,NR,**,Cowlitz,NR,,,**,1,,5.9,,,5.5,,1249
1996,NR,**,Douglas,NR,,,**,1,,5.9,,,5.5,,458
1996,NR,**,Ferry,NR,,,**,1,,5.9,,,5.5,,81
1996,NR,**,Franklin,NR,,,**,1,,5.9,,,5.5,,1059
1996,,,Garfield,,,,,1,0,5.9,0,0,5.5,0,22
1996,NR,**,Grant,NR,,,,1,,5.9,,,5.5,10,1292
1996,NR,**,Grays Harbor,NR,,,**,1,,5.9,,,5.5,,891
1996,NR,**,Island,NR,,,**,1,,5.9,,,5.5,,983
1996,,,Jefferson,NR,,,**,1,0,5.9,0,,5.5,,199
1996,,,King,,4.5,6.6,,1,6.4,5.9,137,5.5,5.5,118,21573
1996,,,Kitsap,NR,,,,1,5.8,5.9,19,,5.5,16,3269
1996,NR,**,Kittitas,NR,,,**,1,,5.9,,,5.5,,331
1996,NR,**,Klickitat,NR,,,**,1,,5.9,,,5.5,,241
1996,NR,**,Lewis,NR,,,**,1,,5.9,,,5.5,,881
1996,NR,**,Lincoln,NR,,,**,1,,5.9,,,5.5,,98
1996,NR,**,Mason,NR,,,**,1,,5.9,,,5.5,,536
1996,NR,**,Okanogan,NR,,,**,1,,5.9,,,5.5,,540
1996,,,Pacific,NR,,,**,1,0,5.9,0,,5.5,,212
1996,,,Pend Oreille,NR,,,**,1,0,5.9,0,,5.5,,128
1996,,,Pierce,,6.1,9.8,,1,4.1,5.9,39,7.8,5.5,75,9620
1996,NR,**,San Juan,,,,,1,,5.9,,0,5.5,0,101
1996,NR,,Skagit,NR,,,**,1,,5.9,16,,5.5,,1293
1996,,,Skamania,NR,,,**,1,0,5.9,0,,5.5,,83
1996,,,Snohomish,,4,7.5,,1,4.9,5.9,39,5.6,5.5,44,7921
1996,,,Spokane,,3.5,7.4,,1,5.2,5.9,29,5.2,5.5,29,5626
1996,NR,**,Stevens,NR,,,**,1,,5.9,,,5.5,,464
1996,,,Thurston,NR,,,**,1,7,5.9,17,,5.5,,2436
1996,,,Wahkiakum,,,,,1,0,5.9,0,0,5.5,0,39
1996,NR,**,Walla Walla,NR,,,,1,,5.9,,,5.5,10,781
1996,NR,**,Whatcom,NR,,,**,1,,5.9,,,5.5,,1910
1996,,,Whitman,NR,,,**,1,0,5.9,0,,5.5,,428
1996,,,Yakima,,3.9,8.8,,1,7.2,5.9,30,6,5.5,25,4190
1997,,,State Total,,5.1,6.2,,1,5.9,5.9,460,5.6,5.6,440,78141
1997,NR,**,Adams,NR,,,**,1,,5.9,,,5.6,,292
1997,,,Asotin,NR,,,**,1,0,5.9,0,,5.6,,284
1997,NR,,Benton,NR,,,,1,,5.9,11,,5.6,15,2025
1997,NR,**,Chelan,NR,,,**,1,,5.9,,,5.6,,979
1997,NR,**,Clallam,NR,,,**,1,,5.9,,,5.6,,646
1997,,,Clark,,2.6,6.5,,1,5.3,5.9,26,4.2,5.6,21,4947
1997,,,Columbia,,,,,1,0,5.9,0,0,5.6,0,40
1997,NR,**,Cowlitz,NR,,,,1,,5.9,,,5.6,10,1173
1997,NR,**,Douglas,,,,,1,,5.9,,0,5.6,0,436
1997,NR,**,Ferry,NR,,,**,1,,5.9,,,5.6,,75
1997,NR,**,Franklin,NR,,,**,1,,5.9,,,5.6,,972
1997,NR,**,Garfield,,,,,1,,5.9,,0,5.6,0,13
1997,NR,**,Grant,NR,,,**,1,,5.9,,,5.6,,1387
1997,NR,**,Grays Harbor,NR,,,**,1,,5.9,,,5.6,,848
1997,NR,**,Island,NR,,,**,1,,5.9,,,5.6,,953
1997,NR,**,Jefferson,NR,,,**,1,,5.9,,,5.6,,214
1997,,,King,,4.3,6.3,,1,6.3,5.9,136,5.2,5.6,113,21646
1997,,,Kitsap,,3.5,9.1,,1,5.8,5.9,19,5.8,5.6,19,3252
1997,NR,**,Kittitas,NR,,,**,1,,5.9,,,5.6,,307
1997,NR,**,Klickitat,NR,,,**,1,,5.9,,,5.6,,236
1997,NR,**,Lewis,NR,,,**,1,,5.9,,,5.6,,878
1997,NR,**,Lincoln,NR,,,**,1,,5.9,,,5.6,,131
1997,NR,**,Mason,NR,,,**,1,,5.9,,,5.6,,521
1997,NR,**,Okanogan,NR,,,**,1,,5.9,,,5.6,,522
1997,NR,**,Pacific,,,,,1,,5.9,,0,5.6,0,215
1997,NR,**,Pend Oreille,,,,,1,,5.9,,0,5.6,0,124
1997,,,Pierce,,4.8,8.1,,1,5.3,5.9,52,6.3,5.6,61,9730
1997,,,San Juan,,,,,1,0,5.9,0,0,5.6,0,113
1997,NR,**,Skagit,NR,,,**,1,,5.9,,,5.6,,1336
1997,,,Skamania,,,,,1,0,5.9,0,0,5.6,0,91
1997,,,Snohomish,,4.5,8,,1,6.3,5.9,51,6,5.6,49,8110
1997,,,Spokane,,4.4,8.8,,1,5.1,5.9,28,6.3,5.6,35,5530
1997,NR,**,Stevens,NR,,,**,1,,5.9,,,5.6,,453
1997,NR,,Thurston,NR,,,,1,,5.9,15,,5.6,10,2422
1997,NR,**,Wahkiakum,NR,,,**,1,,5.9,,,5.6,,39
1997,NR,**,Walla Walla,NR,,,**,1,,5.9,,,5.6,,675
1997,NR,,Whatcom,NR,,,**,1,,5.9,10,,5.6,,1945
1997,,,Whitman,NR,,,**,1,0,5.9,0,,5.6,,392
1997,,,Yakima,,4.4,9.7,,1,6,5.9,25,6.7,5.6,28,4189
1998,,,State Total,,5.2,6.2,,1,5.9,5.9,469,5.7,5.7,452,79640
1998,,,Adams,NR,,,**,1,0,5.9,0,,5.7,,332
1998,NR,**,Asotin,NR,,,**,1,,5.9,,,5.7,,280
1998,NR,,Benton,NR,,,,1,,5.9,11,,5.7,11,2053
1998,NR,**,Chelan,NR,,,**,1,,5.9,,,5.7,,1032
1998,NR,**,Clallam,NR,,,**,1,,5.9,,,5.7,,687
1998,,,Clark,,3.9,8.3,,1,5.3,5.9,27,5.8,5.7,30,5142
1998,,,Columbia,,,,,1,0,5.9,0,0,5.7,0,48
1998,NR,**,Cowlitz,NR,,,**,1,,5.9,,,5.7,,1195
1998,NR,**,Douglas,NR,,,**,1,,5.9,,,5.7,,445
1998,NR,**,Ferry,NR,,,**,1,,5.9,,,5.7,,78
1998,NR,**,Franklin,NR,,,**,1,,5.9,,,5.7,,1035
1998,,,Garfield,,,,,1,0,5.9,0,0,5.7,0,16
1998,NR,,Grant,NR,,,**,1,,5.9,14,,5.7,,1334
1998,NR,**,Grays Harbor,NR,,,**,1,,5.9,,,5.7,,882
1998,NR,**,Island,NR,,,**,1,,5.9,,,5.7,,948
1998,,,Jefferson,,,,,1,0,5.9,0,0,5.7,0,207
1998,,,King,,4.1,6,,1,5.8,5.9,129,5,5.7,111,22212
1998,,,Kitsap,NR,,,,1,8.3,5.9,25,,5.7,12,3004
1998,NR,**,Kittitas,NR,,,**,1,,5.9,,,5.7,,374
1998,NR,**,Klickitat,,,,,1,,5.9,,0,5.7,0,234
1998,NR,**,Lewis,NR,,,**,1,,5.9,,,5.7,,901
1998,NR,**,Lincoln,NR,,,**,1,,5.9,,,5.7,,110
1998,NR,**,Mason,NR,,,**,1,,5.9,,,5.7,,598
1998,NR,**,Okanogan,NR,,,**,1,,5.9,,,5.7,,545
1998,NR,**,Pacific,,,,,1,,5.9,,0,5.7,0,211
1998,,,Pend Oreille,NR,,,**,1,0,5.9,0,,5.7,,129
1998,,,Pierce,,5,8.4,,1,6.1,5.9,60,6.5,5.7,64,9780
1998,NR,**,San Juan,,,,,1,,5.9,,0,5.7,0,101
1998,NR,**,Skagit,NR,,,,1,,5.9,,,5.7,12,1367
1998,,,Skamania,,,,,1,0,5.9,0,0,5.7,0,104
1998,,,Snohomish,,4,7.4,,1,5,5.9,42,5.5,5.7,46,8352
1998,,,Spokane,,3.7,7.8,,1,7.3,5.9,40,5.5,5.7,30,5496
1998,,,Stevens,NR,,,**,1,0,5.9,0,,5.7,,412
1998,NR,**,Thurston,NR,,,,1,,5.9,,,5.7,16,2511
1998,,,Wahkiakum,,,,,1,0,5.9,0,0,5.7,0,37
1998,NR,**,Walla Walla,NR,,,**,1,,5.9,,,5.7,,700
1998,NR,,Whatcom,NR,,,**,1,,5.9,12,,5.7,,2055
1998,NR,**,Whitman,NR,,,**,1,,5.9,,,5.7,,398
1998,,,Yakima,,4.1,9.2,,1,4.9,5.9,21,6.3,5.7,27,4295
1999,,,State Total,,4.6,5.6,,1,5.9,5.9,469,5,5,401,79577
1999,NR,**,Adams,NR,,,**,1,,5.9,,,5,,319
1999,NR,**,Asotin,NR,,,**,1,,5.9,,,5,,263
1999,NR,**,Benton,NR,,,,1,,5.9,,,5,10,2119
1999,NR,**,Chelan,NR,,,**,1,,5.9,,,5,,964
1999,NR,**,Clallam,NR,,,**,1,,5.9,,,5,,617
1999,,,Clark,,2.5,6.2,,1,4.1,5.9,21,4.1,5,21,5185
1999,,,Columbia,,,,,1,0,5.9,0,0,5,0,27
1999,NR,,Cowlitz,NR,,,**,1,,5.9,15,,5,,1286
1999,NR,**,Douglas,NR,,,**,1,,5.9,,,5,,454
1999,NR,**,Ferry,NR,,,**,1,,5.9,,,5,,77
1999,NR,**,Franklin,NR,,,**,1,,5.9,,,5,,1104
1999,,,Garfield,,,,,1,0,5.9,0,0,5,0,27
1999,NR,**,Grant,NR,,,**,1,,5.9,,,5,,1390
1999,NR,**,Grays Harbor,NR,,,**,1,,5.9,,,5,,823
1999,NR,,Island,NR,,,**,1,,5.9,10,,5,,912
1999,NR,**,Jefferson,,,,,1,,5.9,,0,5,0,220
1999,,,King,,4.2,6.1,,1,5.5,5.9,121,5.1,5,112,22007
1999,NR,,Kitsap,NR,,,,1,,5.9,16,,5,15,2893
1999,NR,**,Kittitas,NR,,,**,1,,5.9,,,5,,364
1999,,,Klickitat,,,,,1,0,5.9,0,0,5,0,229
1999,NR,**,Lewis,NR,,,**,1,,5.9,,,5,,944
1999,NR,**,Lincoln,,,,,1,,5.9,,0,5,0,113
1999,NR,**,Mason,NR,,,**,1,,5.9,,,5,,523
1999,NR,**,Okanogan,NR,,,**,1,,5.9,,,5,,552
1999,NR,**,Pacific,NR,,,**,1,,5.9,,,5,,163
1999,,,Pend Oreille,,,,,1,0,5.9,0,0,5,0,134
1999,,,Pierce,,4.1,7.1,,1,6.5,5.9,65,5.4,5,54,9939
1999,NR,**,San Juan,,,,,1,,5.9,,0,5,0,100
1999,NR,**,Skagit,NR,,,**,1,,5.9,,,5,,1359
1999,NR,**,Skamania,NR,,,**,1,,5.9,,,5,,134
1999,,,Snohomish,,3.8,7,,1,6.8,5.9,58,5.2,5,44,8496
1999,,,Spokane,,2.9,6.7,,1,4.9,5.9,27,4.6,5,25,5497
1999,NR,**,Stevens,NR,,,**,1,,5.9,,,5,,456
1999,NR,,Thurston,NR,,,**,1,,5.9,13,,5,,2478
1999,NR,**,Wahkiakum,,,,,1,,5.9,,0,5,0,42
1999,NR,,Walla Walla,NR,,,**,1,,5.9,10,,5,,713
1999,NR,**,Whatcom,NR,,,**,1,,5.9,,,5,,1995
1999,NR,**,Whitman,NR,,,**,1,,5.9,,,5,,422
1999,,,Yakima,,4.8,10.1,,1,5.7,5.9,24,7.1,5,30,4237
2000,,,State Total,,4.7,5.7,,1,5.4,5.4,437,5.2,5.2,423,81004
2000,NR,**,Adams,NR,,,**,1,,5.4,,,5.2,,334
2000,,,Asotin,NR,,,**,1,0,5.4,0,,5.2,,252
2000,NR,,Benton,,5.5,14.3,,1,,5.4,13,9.1,5.2,19,2079
2000,NR,**,Chelan,NR,,,**,1,,5.4,,,5.2,,981
2000,NR,**,Clallam,NR,,,**,1,,5.4,,,5.2,,622
2000,,,Clark,,2.1,5.5,,1,5.9,5.4,32,3.5,5.2,19,5411
2000,,,Columbia,,,,,1,0,5.4,0,0,5.2,0,34
2000,NR,**,Cowlitz,NR,,,,1,,5.4,,,5.2,11,1289
2000,NR,**,Douglas,NR,,,**,1,,5.4,,,5.2,,455
2000,,,Ferry,,,,,1,0,5.4,0,0,5.2,0,69
2000,NR,,Franklin,NR,,,**,1,,5.4,10,,5.2,,1096
2000,,,Garfield,,,,,1,0,5.4,0,0,5.2,0,23
2000,NR,**,Grant,NR,,,**,1,,5.4,,,5.2,,1432
2000,NR,**,Grays Harbor,NR,,,**,1,,5.4,,,5.2,,793
2000,NR,**,Island,NR,,,**,1,,5.4,,,5.2,,959
2000,NR,**,Jefferson,NR,,,**,1,,5.4,,,5.2,,211
2000,,,King,,3.7,5.5,,1,5.6,5.4,127,4.5,5.2,102,22487
2000,NR,,Kitsap,,3.7,9.6,,1,,5.4,16,6.1,5.2,19,3108
2000,NR,**,Kittitas,NR,,,**,1,,5.4,,,5.2,,368
2000,,,Klickitat,NR,,,**,1,0,5.4,0,,5.2,,254
2000,NR,,Lewis,NR,,,**,1,,5.4,12,,5.2,,869
2000,,,Lincoln,NR,,,**,1,0,5.4,0,,5.2,,99
2000,NR,**,Mason,NR,,,**,1,,5.4,,,5.2,,560
2000,NR,**,Okanogan,NR,,,**,1,,5.4,,,5.2,,506
2000,NR,**,Pacific,NR,,,**,1,,5.4,,,5.2,,195
2000,,,Pend Oreille,NR,,,**,1,0,5.4,0,,5.2,,110
2000,,,Pierce,,4.7,7.8,,1,4.9,5.4,50,6.1,5.2,62,10174
2000,,,San Juan,,,,,1,0,5.4,0,0,5.2,0,92
2000,NR,**,Skagit,NR,,,,1,,5.4,,,5.2,11,1396
2000,,,Skamania,NR,,,**,1,0,5.4,0,,5.2,,116
2000,,,Snohomish,,3,5.8,,1,4.1,5.4,35,4.2,5.2,36,8545
2000,,,Spokane,,3.3,7.1,,1,5.3,5.4,30,4.9,5.2,28,5666
2000,NR,**,Stevens,NR,,,**,1,,5.4,,,5.2,,445
2000,,,Thurston,NR,,,,1,6.7,5.4,17,,5.2,11,2547
2000,,,Wahkiakum,,,,,1,0,5.4,0,0,5.2,0,28
2000,NR,**,Walla Walla,NR,,,**,1,,5.4,,,5.2,,660
2000,NR,,Whatcom,NR,,,**,1,,5.4,13,,5.2,,2077
2000,NR,**,Whitman,NR,,,**,1,,5.4,,,5.2,,411
2000,,,Yakima,,5,10.4,,1,5.2,5.4,22,7.3,5.2,31,4251
2001,,,State Total,,5.3,6.4,,1,5.3,5.3,425,5.8,5.8,461,79542
2001,,,Adams,NR,,,**,1,0,5.3,0,,5.8,,328
2001,,,Asotin,NR,,,**,1,0,5.3,0,,5.8,,234
2001,NR,**,Benton,NR,,,,1,,5.3,,,5.8,12,2215
2001,NR,,Chelan,NR,,,**,1,,5.3,10,,5.8,,971
2001,NR,**,Clallam,NR,,,**,1,,5.3,,,5.8,,606
2001,,,Clark,,3.7,7.8,,1,5.4,5.3,29,5.5,5.8,29,5322
2001,,,Columbia,,,,,1,0,5.3,0,0,5.8,0,35
2001,NR,**,Cowlitz,NR,,,,1,,5.3,,,5.8,10,1229
2001,,,Douglas,NR,,,**,1,0,5.3,0,,5.8,,440
2001,,,Ferry,,,,,1,0,5.3,0,0,5.8,0,75
2001,NR,**,Franklin,NR,,,**,1,,5.3,,,5.8,,1147
2001,,,Garfield,,,,,1,0,5.3,0,0,5.8,0,23
2001,NR,**,Grant,NR,,,**,1,,5.3,,,5.8,,1313
2001,NR,**,Grays Harbor,NR,,,**,1,,5.3,,,5.8,,766
2001,NR,**,Island,NR,,,**,1,,5.3,,,5.8,,897
2001,NR,**,Jefferson,,,,,1,,5.3,,0,5.8,0,200
2001,,,King,,4.1,6,,1,5.3,5.3,116,5,5.8,109,21778
2001,,,Kitsap,,4.7,11.3,,1,6.8,5.3,20,7.5,5.8,22,2946
2001,NR,**,Kittitas,NR,,,**,1,,5.3,,,5.8,,371
2001,,,Klickitat,NR,,,**,1,0,5.3,0,,5.8,,221
2001,NR,**,Lewis,NR,,,**,1,,5.3,,,5.8,,856
2001,,,Lincoln,,,,,1,0,5.3,0,0,5.8,0,92
2001,NR,**,Mason,NR,,,**,1,,5.3,,,5.8,,543
2001,NR,**,Okanogan,NR,,,**,1,,5.3,,,5.8,,518
2001,,,Pacific,,,,,1,0,5.3,0,0,5.8,0,203
2001,NR,**,Pend Oreille,NR,,,**,1,,5.3,,,5.8,,124
2001,,,Pierce,,6.4,10,,1,6,5.3,60,8.1,5.8,81,10052
2001,,,San Juan,,,,,1,0,5.3,0,0,5.8,0,104
2001,NR,**,Skagit,NR,,,**,1,,5.3,,,5.8,,1383
2001,,,Skamania,,,,,1,0,5.3,0,0,5.8,0,109
2001,,,Snohomish,,3.8,6.9,,1,6.3,5.3,55,5.2,5.8,45,8703
2001,,,Spokane,,3.9,8.1,,1,6.3,5.3,34,5.7,5.8,31,5414
2001,NR,**,Stevens,NR,,,**,1,,5.3,,,5.8,,449
2001,NR,,Thurston,NR,,,,1,,5.3,13,,5.8,15,2606
2001,,,Wahkiakum,NR,,,**,1,0,5.3,0,,5.8,,29
2001,NR,**,Walla Walla,NR,,,**,1,,5.3,,,5.8,,714
2001,NR,**,Whatcom,NR,,,**,1,,5.3,,,5.8,,1965
2001,NR,**,Whitman,NR,,,**,1,,5.3,,,5.8,,375
2001,NR,,Yakima,,3.3,8,,1,,5.3,15,5.3,5.8,22,4186
2002,,,State Total,,5.2,6.3,,1,5.5,5.5,433,5.7,5.7,452,79003
2002,NR,**,Adams,NR,,,**,1,,5.5,,,5.7,,347
2002,,,Asotin,NR,,,**,1,0,5.5,0,,5.7,,236
2002,NR,,Benton,NR,,,,1,,5.5,15,,5.7,13,2160
2002,NR,**,Chelan,NR,,,**,1,,5.5,,,5.7,,919
2002,NR,**,Clallam,NR,,,**,1,,5.5,,,5.7,,591
2002,NR,,Clark,,2.9,6.8,,1,,5.5,16,4.6,5.7,24,5246
2002,,,Columbia,,,,,1,0,5.5,0,0,5.7,0,40
2002,NR,**,Cowlitz,NR,,,**,1,,5.5,,,5.7,,1244
2002,NR,**,Douglas,NR,,,**,1,,5.5,,,5.7,,434
2002,NR,**,Ferry,,,,,1,,5.5,,0,5.7,0,70
2002,NR,,Franklin,NR,,,**,1,,5.5,10,,5.7,,1193
2002,,,Garfield,NR,,,**,1,0,5.5,0,,5.7,,14
2002,NR,**,Grant,NR,,,**,1,,5.5,,,5.7,,1394
2002,NR,**,Grays Harbor,NR,,,**,1,,5.5,,,5.7,,803
2002,NR,**,Island,NR,,,**,1,,5.5,,,5.7,,925
2002,NR,**,Jefferson,NR,,,**,1,,5.5,,,5.7,,188
2002,,,King,,3.7,5.5,,1,5,5.5,109,4.5,5.7,99,21863
2002,NR,,Kitsap,,4.2,10.5,,1,,5.5,16,6.8,5.7,20,2942
2002,NR,**,Kittitas,,,,,1,,5.5,,0,5.7,0,343
2002,NR,**,Klickitat,NR,,,**,1,,5.5,,,5.7,,227
2002,NR,**,Lewis,NR,,,**,1,,5.5,,,5.7,,896
2002,,,Lincoln,NR,,,**,1,0,5.5,0,,5.7,,91
2002,NR,**,Mason,NR,,,**,1,,5.5,,,5.7,,541
2002,NR,**,Okanogan,NR,,,**,1,,5.5,,,5.7,,480
2002,,,Pacific,NR,,,**,1,0,5.5,0,,5.7,,171
2002,,,Pend Oreille,NR,,,**,1,0,5.5,0,,5.7,,124
2002,,,Pierce,,6.1,9.6,,1,6,5.5,60,7.7,5.7,77,10031
2002,NR,**,San Juan,,,,,1,,5.5,,0,5.7,0,87
2002,NR,**,Skagit,NR,,,**,1,,5.5,,,5.7,,1373
2002,,,Skamania,NR,,,**,1,0,5.5,0,,5.7,,98
2002,,,Snohomish,,3.9,7.2,,1,5.8,5.5,48,5.4,5.7,45,8344
2002,,,Spokane,,5.6,10.5,,1,7.2,5.5,40,7.8,5.7,43,5543
2002,NR,**,Stevens,NR,,,**,1,,5.5,,,5.7,,460
2002,,,Thurston,NR,,,,1,8.6,5.5,21,,5.7,16,2445
2002,,,Wahkiakum,NR,,,**,1,0,5.5,0,,5.7,,22
2002,NR,**,Walla Walla,NR,,,**,1,,5.5,,,5.7,,692
2002,NR,,Whatcom,NR,,,**,1,,5.5,11,,5.7,,1972
2002,NR,**,Whitman,NR,,,**,1,,5.5,,,5.7,,415
2002,NR,,Yakima,,3.2,8,,1,,5.5,16,5.2,5.7,21,4039
2003,,,State Total,,5.1,6.1,,1,6.2,6.2,498,5.6,5.6,447,80482
2003,NR,**,Adams,NR,,,**,1,,6.2,,,5.6,,339
2003,NR,**,Asotin,NR,,,**,1,,6.2,,,5.6,,287
2003,,,Benton,NR,,,,1,8.2,6.2,18,,5.6,13,2190
2003,NR,**,Chelan,NR,,,**,1,,6.2,,,5.6,,888
2003,NR,**,Clallam,NR,,,**,1,,6.2,,,5.6,,609
2003,,,Clark,,3.2,7.1,,1,4.1,6.2,22,4.9,5.6,26,5332
2003,,,Columbia,NR,,,**,1,0,6.2,0,,5.6,,37
2003,NR,**,Cowlitz,NR,,,**,1,,6.2,,,5.6,,1141
2003,NR,**,Douglas,NR,,,**,1,,6.2,,,5.6,,432
2003,,,Ferry,,,,,1,0,6.2,0,0,5.6,0,70
2003,NR,**,Franklin,NR,,,**,1,,6.2,,,5.6,,1322
2003,,,Garfield,,,,,1,0,6.2,0,0,5.6,0,16
2003,NR,**,Grant,NR,,,**,1,,6.2,,,5.6,,1431
2003,NR,**,Grays Harbor,NR,,,**,1,,6.2,,,5.6,,817
2003,NR,**,Island,NR,,,**,1,,6.2,,,5.6,,947
2003,NR,**,Jefferson,NR,,,**,1,,6.2,,,5.6,,226
2003,,,King,,4.2,6.1,,1,6.7,6.2,151,5.1,5.6,114,22431
2003,NR,,Kitsap,,3.8,9.8,,1,,6.2,15,6.3,5.6,19,3014
2003,NR,**,Kittitas,NR,,,**,1,,6.2,,,5.6,,380
2003,,,Klickitat,NR,,,**,1,0,6.2,0,,5.6,,232
2003,NR,**,Lewis,NR,,,**,1,,6.2,,,5.6,,839
2003,NR,**,Lincoln,NR,,,**,1,,6.2,,,5.6,,84
2003,NR,**,Mason,NR,,,**,1,,6.2,,,5.6,,569
2003,NR,**,Okanogan,NR,,,**,1,,6.2,,,5.6,,485
2003,NR,**,Pacific,NR,,,**,1,,6.2,,,5.6,,188
2003,NR,**,Pend Oreille,NR,,,**,1,,6.2,,,5.6,,107
2003,,,Pierce,,4.9,8.1,,1,8.3,6.2,84,6.4,5.6,64,10085
2003,,,San Juan,,,,,1,0,6.2,0,0,5.6,0,88
2003,NR,**,Skagit,NR,,,**,1,,6.2,,,5.6,,1356
2003,,,Skamania,,,,,1,0,6.2,0,0,5.6,0,114
2003,,,Snohomish,,3.3,6.3,,1,4.9,6.2,42,4.7,5.6,40,8592
2003,,,Spokane,,4.2,8.5,,1,6.4,6.2,35,6.1,5.6,33,5455
2003,NR,**,Stevens,NR,,,**,1,,6.2,,,5.6,,467
2003,NR,,Thurston,NR,,,,1,,6.2,14,,5.6,14,2619
2003,NR,**,Wahkiakum,,,,,1,,6.2,,0,5.6,0,29
2003,NR,**,Walla Walla,NR,,,**,1,,6.2,,,5.6,,686
2003,NR,,Whatcom,NR,,,**,1,,6.2,13,,5.6,,2035
2003,,,Whitman,NR,,,**,1,0,6.2,0,,5.6,,410
2003,,,Yakima,,6.7,12.9,,1,5.1,6.2,21,9.4,5.6,39,4133
2004,,,State Total,,5,6.1,,1,5.3,5.3,432,5.5,5.5,451,81715
2004,NR,**,Adams,NR,,,**,1,,5.3,,,5.5,,389
2004,,,Asotin,NR,,,**,1,0,5.3,0,,5.5,,261
2004,NR,**,Benton,NR,,,**,1,,5.3,,,5.5,,2188
2004,NR,**,Chelan,NR,,,**,1,,5.3,,,5.5,,902
2004,NR,**,Clallam,NR,,,**,1,,5.3,,,5.5,,602
2004,,,Clark,,3.2,7.1,,1,4.3,5.3,24,4.9,5.5,27,5541
2004,,,Columbia,,,,,1,0,5.3,0,0,5.5,0,40
2004,NR,**,Cowlitz,NR,,,**,1,,5.3,,,5.5,,1230
2004,NR,**,Douglas,NR,,,**,1,,5.3,,,5.5,,455
2004,,,Ferry,,,,,1,0,5.3,0,0,5.5,0,78
2004,NR,**,Franklin,NR,,,**,1,,5.3,,,5.5,,1328
2004,,,Garfield,,,,,1,0,5.3,0,0,5.5,0,11
2004,NR,**,Grant,NR,,,,1,,5.3,,,5.5,13,1441
2004,NR,**,Grays Harbor,NR,,,**,1,,5.3,,,5.5,,830
2004,NR,**,Island,NR,,,**,1,,5.3,,,5.5,,989
2004,NR,**,Jefferson,,,,,1,,5.3,,0,5.5,0,195
2004,,,King,,3.6,5.4,,1,6.3,5.3,145,4.4,5.5,101,22874
2004,NR,,Kitsap,NR,,,,1,,5.3,13,,5.5,14,3009
2004,NR,**,Kittitas,NR,,,**,1,,5.3,,,5.5,,342
2004,NR,**,Klickitat,,,,,1,,5.3,,0,5.5,0,223
2004,NR,**,Lewis,NR,,,**,1,,5.3,,,5.5,,847
2004,,,Lincoln,,,,,1,0,5.3,0,0,5.5,0,91
2004,NR,**,Mason,NR,,,**,1,,5.3,,,5.5,,559
2004,NR,**,Okanogan,NR,,,**,1,,5.3,,,5.5,,499
2004,,,Pacific,NR,,,**,1,0,5.3,0,,5.5,,200
2004,,,Pend Oreille,,,,,1,0,5.3,0,0,5.5,0,115
2004,,,Pierce,,4.5,7.5,,1,4.4,5.3,45,5.8,5.5,60,10278
2004,NR,**,San Juan,,,,,1,,5.3,,0,5.5,0,107
2004,NR,**,Skagit,NR,,,,1,,5.3,,,5.5,11,1418
2004,,,Skamania,NR,,,**,1,0,5.3,0,,5.5,,82
2004,,,Snohomish,,3.3,6.3,,1,5.4,5.3,47,4.6,5.5,40,8641
2004,,,Spokane,,4.8,9.3,,1,5.3,5.3,29,6.8,5.5,37,5480
2004,NR,**,Stevens,NR,,,**,1,,5.3,,,5.5,,484
2004,NR,,Thurston,,4.1,10.9,,1,,5.3,16,6.9,5.5,18,2604
2004,,,Wahkiakum,,,,,1,0,5.3,0,0,5.5,0,29
2004,,,Walla Walla,NR,,,**,1,0,5.3,0,,5.5,,715
2004,NR,,Whatcom,NR,,,**,1,,5.3,10,,5.5,,2061
2004,NR,**,Whitman,NR,,,**,1,,5.3,,,5.5,,377
2004,,,Yakima,,5.6,11.3,,1,6.4,5.3,27,8.1,5.5,34,4200
2005,,,State Total,,4.6,5.6,,1,6.2,6.2,516,5.1,5.1,420,82625
2005,NR,**,Adams,NR,,,**,1,,6.2,,,5.1,,424
2005,NR,**,Asotin,,,,,1,,6.2,,0,5.1,0,237
2005,NR,,Benton,NR,,,,1,,6.2,14,,5.1,12,2164
2005,NR,**,Chelan,NR,,,,1,,6.2,,,5.1,11,902
2005,NR,**,Clallam,NR,,,**,1,,6.2,,,5.1,,617
2005,,,Clark,,3.3,7.2,,1,5.7,6.2,32,5,5.1,28,5635
2005,,,Columbia,,,,,1,0,6.2,0,0,5.1,0,24
2005,NR,**,Cowlitz,NR,,,**,1,,6.2,,,5.1,,1242
2005,NR,**,Douglas,NR,,,**,1,,6.2,,,5.1,,518
2005,,,Ferry,NR,,,**,1,0,6.2,0,,5.1,,82
2005,NR,**,Franklin,NR,,,**,1,,6.2,,,5.1,,1484
2005,,,Garfield,,,,,1,0,6.2,0,0,5.1,0,16
2005,NR,**,Grant,NR,,,**,1,,6.2,,,5.1,,1451
2005,NR,**,Grays Harbor,NR,,,**,1,,6.2,,,5.1,,857
2005,NR,**,Island,NR,,,**,1,,6.2,,,5.1,,997
2005,NR,**,Jefferson,NR,,,**,1,,6.2,,,5.1,,204
2005,,,King,,3.7,5.5,,1,6.1,6.2,139,4.5,5.1,102,22680
2005,,,Kitsap,,3.7,9.8,,1,5.9,6.2,17,6.2,5.1,18,2902
2005,NR,**,Kittitas,NR,,,**,1,,6.2,,,5.1,,333
2005,NR,**,Klickitat,,,,,1,,6.2,,0,5.1,0,209
2005,NR,**,Lewis,NR,,,**,1,,6.2,,,5.1,,874
2005,,,Lincoln,,,,,1,0,6.2,0,0,5.1,0,94
2005,,,Mason,NR,,,**,1,0,6.2,0,,5.1,,620
2005,NR,**,Okanogan,NR,,,**,1,,6.2,,,5.1,,530
2005,NR,**,Pacific,NR,,,**,1,,6.2,,,5.1,,219
2005,NR,**,Pend Oreille,,,,,1,,6.2,,0,5.1,0,120
2005,,,Pierce,,4.7,7.8,,1,6.1,6.2,64,6.1,5.1,64,10469
2005,NR,**,San Juan,,,,,1,,6.2,,0,5.1,0,108
2005,NR,,Skagit,NR,,,**,1,,6.2,14,,5.1,,1451
2005,,,Skamania,,,,,1,0,6.2,0,0,5.1,0,94
2005,,,Snohomish,,2.5,5.1,,1,6.3,6.2,56,3.6,5.1,32,8924
2005,,,Spokane,,4.2,8.5,,1,6.3,6.2,35,6.1,5.1,34,5593
2005,NR,**,Stevens,NR,,,**,1,,6.2,,,5.1,,451
2005,NR,,Thurston,NR,,,,1,,6.2,16,,5.1,16,2618
2005,,,Wahkiakum,,,,,1,0,6.2,0,0,5.1,0,37
2005,NR,**,Walla Walla,NR,,,**,1,,6.2,,,5.1,,721
2005,NR,**,Whatcom,NR,,,**,1,,6.2,,,5.1,,2122
2005,NR,**,Whitman,NR,,,**,1,,6.2,,,5.1,,432
2005,,,Yakima,,4.9,10.3,,1,7.4,6.2,31,7.2,5.1,30,4170
2006,,,State Total,,4.2,5.2,,1,5.6,5.6,490,4.7,4.7,406,86845
2006,NR,**,Adams,NR,,,**,1,,5.6,,,4.7,,386
2006,NR,**,Asotin,,,,,1,,5.6,,0,4.7,0,245
2006,NR,,Benton,,4.2,11.6,,1,,5.6,15,7.3,4.7,17,2339
2006,NR,**,Chelan,NR,,,**,1,,5.6,,,4.7,,982
2006,NR,**,Clallam,NR,,,**,1,,5.6,,,4.7,,647
2006,,,Clark,NR,,,,1,3.1,5.6,18,,4.7,15,5789
2006,,,Columbia,,,,,1,0,5.6,0,0,4.7,0,45
2006,NR,**,Cowlitz,NR,,,**,1,,5.6,,,4.7,,1325
2006,NR,**,Douglas,NR,,,**,1,,5.6,,,4.7,,543
2006,NR,**,Ferry,NR,,,**,1,,5.6,,,4.7,,62
2006,NR,,Franklin,NR,,,**,1,,5.6,12,,4.7,,1535
2006,NR,**,Garfield,,,,,1,,5.6,,0,4.7,0,16
2006,NR,,Grant,NR,,,,1,,5.6,13,,4.7,14,1549
2006,NR,**,Grays Harbor,NR,,,**,1,,5.6,,,4.7,,884
2006,NR,**,Island,NR,,,**,1,,5.6,,,4.7,,933
2006,NR,**,Jefferson,NR,,,**,1,,5.6,,,4.7,,221
2006,,,King,,3.4,5,,1,5.2,5.6,126,4.1,4.7,100,24244
2006,,,Kitsap,NR,,,,1,7.9,5.6,24,,4.7,11,3040
2006,NR,**,Kittitas,NR,,,**,1,,5.6,,,4.7,,375
2006,,,Klickitat,NR,,,**,1,0,5.6,0,,4.7,,212
2006,NR,**,Lewis,NR,,,**,1,,5.6,,,4.7,,939
2006,NR,**,Lincoln,,,,,1,,5.6,,0,4.7,0,114
2006,NR,**,Mason,NR,,,**,1,,5.6,,,4.7,,632
2006,NR,**,Okanogan,NR,,,**,1,,5.6,,,4.7,,594
2006,,,Pacific,,,,,1,0,5.6,0,0,4.7,0,196
2006,,,Pend Oreille,NR,,,**,1,0,5.6,0,,4.7,,142
2006,,,Pierce,,4,6.7,,1,5.5,5.6,61,5.2,4.7,58,11139
2006,NR,**,San Juan,NR,,,**,1,,5.6,,,4.7,,85
2006,NR,**,Skagit,NR,,,**,1,,5.6,,,4.7,,1500
2006,,,Skamania,NR,,,**,1,0,5.6,0,,4.7,,110
2006,,,Snohomish,,2.9,5.6,,1,6.9,5.6,63,4.1,4.7,37,9070
2006,,,Spokane,,3,6.6,,1,4.2,5.6,25,4.5,4.7,27,5986
2006,NR,**,Stevens,NR,,,**,1,,5.6,,,4.7,,485
2006,NR,,Thurston,NR,,,,1,,5.6,16,,4.7,15,2771
2006,,,Wahkiakum,,,,,1,0,5.6,0,0,4.7,0,25
2006,NR,**,Walla Walla,NR,,,**,1,,5.6,,,4.7,,705
2006,NR,,Whatcom,NR,,,,1,,5.6,15,,4.7,14,2209
2006,NR,**,Whitman,NR,,,**,1,,5.6,,,4.7,,413
2006,,,Yakima,,4.8,10.1,,1,6.4,5.6,28,7.1,4.7,31,4358
2007,,,State Total,,4.4,5.3,,1,5.5,5.5,493,4.8,4.8,427,88921
2007,NR,**,Adams,NR,,,**,1,,5.5,,,4.8,,417
2007,,,Asotin,NR,,,**,1,0,5.5,0,,4.8,,232
2007,NR,,Benton,NR,,,**,1,,5.5,11,,4.8,,2455
2007,NR,**,Chelan,NR,,,**,1,,5.5,,,4.8,,1016
2007,NR,**,Clallam,NR,,,**,1,,5.5,,,4.8,,639
2007,,,Clark,,3.3,7.1,,1,3.6,5.5,21,4.9,4.8,29,5901
2007,,,Columbia,,,,,1,0,5.5,0,0,4.8,0,32
2007,NR,**,Cowlitz,NR,,,**,1,,5.5,,,4.8,,1384
2007,NR,**,Douglas,NR,,,**,1,,5.5,,,4.8,,544
2007,,,Ferry,NR,,,**,1,0,5.5,0,,4.8,,67
2007,NR,,Franklin,NR,,,**,1,,5.5,10,,4.8,,1584
2007,,,Garfield,,,,,1,0,5.5,0,0,4.8,0,16
2007,NR,,Grant,NR,,,**,1,,5.5,11,,4.8,,1567
2007,NR,**,Grays Harbor,NR,,,**,1,,5.5,,,4.8,,863
2007,NR,**,Island,NR,,,**,1,,5.5,,,4.8,,983
2007,NR,**,Jefferson,,,,,1,,5.5,,0,4.8,0,210
2007,,,King,,3.6,5.3,,1,5.5,5.5,138,4.4,4.8,110,24899
2007,,,Kitsap,NR,,,,1,7.6,5.5,22,,4.8,11,2894
2007,NR,**,Kittitas,NR,,,**,1,,5.5,,,4.8,,388
2007,,,Klickitat,NR,,,**,1,0,5.5,0,,4.8,,227
2007,NR,**,Lewis,NR,,,**,1,,5.5,,,4.8,,937
2007,,,Lincoln,,,,,1,0,5.5,0,0,4.8,0,105
2007,NR,**,Mason,NR,,,**,1,,5.5,,,4.8,,640
2007,NR,**,Okanogan,NR,,,**,1,,5.5,,,4.8,,548
2007,,,Pacific,NR,,,**,1,0,5.5,0,,4.8,,217
2007,NR,**,Pend Oreille,NR,,,**,1,,5.5,,,4.8,,133
2007,,,Pierce,,5,8.1,,1,6.7,5.5,76,6.4,4.8,73,11391
2007,,,San Juan,,,,,1,0,5.5,0,0,4.8,0,118
2007,NR,,Skagit,NR,,,**,1,,5.5,11,,4.8,,1560
2007,,,Skamania,,,,,1,0,5.5,0,0,4.8,0,126
2007,,,Snohomish,,3.5,6.4,,1,4.7,5.5,45,4.8,4.8,46,9570
2007,,,Spokane,,2.7,6.2,,1,5.3,5.5,32,4.2,4.8,25,5983
2007,NR,**,Stevens,NR,,,**,1,,5.5,,,4.8,,486
2007,NR,,Thurston,NR,,,,1,,5.5,14,,4.8,15,2940
2007,,,Wahkiakum,,,,,1,0,5.5,0,0,4.8,0,26
2007,NR,**,Walla Walla,NR,,,**,1,,5.5,,,4.8,,664
2007,NR,,Whatcom,NR,,,,1,,5.5,14,,4.8,13,2210
2007,NR,**,Whitman,NR,,,**,1,,5.5,,,4.8,,431
2007,,,Yakima,,3.9,8.7,,1,6.2,5.5,28,6,4.8,27,4518
2008,,,State Total,,5,5.9,,1,6,6,544,5.4,5.4,491,90270
2008,NR,**,Adams,NR,,,**,1,,6,,,5.4,,426
2008,,,Asotin,NR,,,**,1,0,6,0,,5.4,,235
2008,NR,,Benton,NR,,,,1,,6,12,,5.4,16,2444
2008,NR,**,Chelan,NR,,,**,1,,6,,,5.4,,1076
2008,NR,**,Clallam,NR,,,**,1,,6,,,5.4,,648
2008,,,Clark,,2,5.1,,1,3.6,6,21,3.3,5.4,19,5851
2008,NR,**,Columbia,,,,,1,,6,,0,5.4,0,43
2008,NR,**,Cowlitz,NR,,,**,1,,6,,,5.4,,1343
2008,NR,**,Douglas,NR,,,**,1,,6,,,5.4,,597
2008,,,Ferry,,,,,1,0,6,0,0,5.4,0,70
2008,NR,**,Franklin,NR,,,,1,,6,,,5.4,12,1656
2008,,,Garfield,,,,,1,0,6,0,0,5.4,0,24
2008,NR,**,Grant,NR,,,,1,,6,,,5.4,13,1635
2008,NR,**,Grays Harbor,NR,,,**,1,,6,,,5.4,,914
2008,NR,**,Island,NR,,,**,1,,6,,,5.4,,959
2008,NR,**,Jefferson,NR,,,**,1,,6,,,5.4,,199
2008,,,King,,4,5.7,,1,6.5,6,163,4.8,5.4,121,25222
2008,,,Kitsap,,4.3,10.5,,1,6.9,6,21,6.9,5.4,21,3053
2008,NR,**,Kittitas,NR,,,**,1,,6,,,5.4,,384
2008,,,Klickitat,,,,,1,0,6,0,0,5.4,0,204
2008,NR,**,Lewis,NR,,,**,1,,6,,,5.4,,953
2008,,,Lincoln,NR,,,**,1,0,6,0,,5.4,,106
2008,NR,**,Mason,NR,,,**,1,,6,,,5.4,,631
2008,NR,**,Okanogan,NR,,,**,1,,6,,,5.4,,582
2008,NR,**,Pacific,NR,,,**,1,,6,,,5.4,,220
2008,NR,**,Pend Oreille,,,,,1,,6,,0,5.4,0,129
2008,,,Pierce,,3.9,6.6,,1,6.6,6,76,5.1,5.4,59,11537
2008,,,San Juan,,,,,1,0,6,0,0,5.4,0,93
2008,NR,,Skagit,NR,,,,1,,6,10,,5.4,12,1628
2008,,,Skamania,,,,,1,0,6,0,0,5.4,0,113
2008,,,Snohomish,,3.1,5.8,,1,7,6,69,4.3,5.4,42,9808
2008,,,Spokane,,4.5,8.7,,1,6,6,37,6.3,5.4,39,6156
2008,NR,**,Stevens,NR,,,**,1,,6,,,5.4,,425
2008,NR,,Thurston,NR,,,,1,,6,14,,5.4,14,3074
2008,,,Wahkiakum,,,,,1,0,6,0,0,5.4,0,33
2008,NR,**,Walla Walla,NR,,,**,1,,6,,,5.4,,737
2008,NR,,Whatcom,NR,,,**,1,,6,11,,5.4,,2181
2008,NR,**,Whitman,NR,,,**,1,,6,,,5.4,,442
2008,,,Yakima,,7,13.1,,1,6.1,6,27,9.7,5.4,43,4439
2009,,,State Total,,4.5,5.4,,1,5.6,5.6,498,4.9,4.9,438,89242
2009,NR,**,Adams,NR,,,**,1,,5.6,,,4.9,,456
2009,NR,**,Asotin,NR,,,**,1,,5.6,,,4.9,,233
2009,NR,,Benton,NR,,,,1,,5.6,14,,4.9,15,2485
2009,NR,**,Chelan,NR,,,**,1,,5.6,,,4.9,,1046
2009,NR,**,Clallam,NR,,,**,1,,5.6,,,4.9,,655
2009,,,Clark,,3,6.8,,1,4.5,5.6,25,4.7,4.9,26,5578
2009,,,Columbia,,,,,1,0,5.6,0,0,4.9,0,32
2009,NR,**,Cowlitz,NR,,,,1,,5.6,,,4.9,10,1299
2009,NR,**,Douglas,NR,,,**,1,,5.6,,,4.9,,537
2009,,,Ferry,,,,,1,0,5.6,0,0,4.9,0,60
2009,NR,**,Franklin,NR,,,**,1,,5.6,,,4.9,,1687
2009,,,Garfield,,,,,1,0,5.6,0,0,4.9,0,18
2009,NR,**,Grant,NR,,,,1,,5.6,,,4.9,16,1630
2009,NR,**,Grays Harbor,NR,,,**,1,,5.6,,,4.9,,839
2009,NR,**,Island,NR,,,**,1,,5.6,,,4.9,,901
2009,NR,**,Jefferson,NR,,,**,1,,5.6,,,4.9,,194
2009,,,King,,2.5,3.9,,1,5.8,5.6,145,3.1,4.9,78,25057
2009,NR,,Kitsap,NR,,,,1,,5.6,15,,4.9,16,2905
2009,NR,**,Kittitas,NR,,,**,1,,5.6,,,4.9,,431
2009,NR,**,Klickitat,NR,,,**,1,,5.6,,,4.9,,237
2009,NR,**,Lewis,NR,,,**,1,,5.6,,,4.9,,994
2009,NR,**,Lincoln,NR,,,**,1,,5.6,,,4.9,,89
2009,NR,**,Mason,NR,,,**,1,,5.6,,,4.9,,702
2009,NR,**,Okanogan,NR,,,**,1,,5.6,,,4.9,,592
2009,NR,**,Pacific,NR,,,**,1,,5.6,,,4.9,,176
2009,,,Pend Oreille,,,,,1,0,5.6,0,0,4.9,0,152
2009,,,Pierce,,6,9.2,,1,6.2,5.6,72,7.5,4.9,87,11636
2009,NR,**,San Juan,NR,,,**,1,,5.6,,,4.9,,97
2009,NR,**,Skagit,NR,,,**,1,,5.6,,,4.9,,1534
2009,NR,**,Skamania,NR,,,**,1,,5.6,,,4.9,,118
2009,,,Snohomish,,2.6,5.3,,1,6,5.6,55,3.8,4.9,35,9237
2009,,,Spokane,,4.8,9.1,,1,4.6,5.6,28,6.7,4.9,41,6107
2009,NR,**,Stevens,NR,,,**,1,,5.6,,,4.9,,430
2009,NR,,Thurston,NR,,,,1,,5.6,15,,4.9,15,3162
2009,,,Wahkiakum,,,,,1,0,5.6,0,0,4.9,0,29
2009,NR,**,Walla Walla,NR,,,**,1,,5.6,,,4.9,,669
2009,NR,,Whatcom,NR,,,,1,,5.6,13,,4.9,10,2269
2009,NR,**,Whitman,NR,,,**,1,,5.6,,,4.9,,445
2009,,,Yakima,,3.8,8.4,,1,6.4,5.6,29,5.8,4.9,26,4524
2010,,,State Total,,4.1,5,,1,5.8,5.8,499,4.5,4.5,388,86480
2010,NR,**,Adams,NR,,,**,1,,5.8,,,4.5,,468
2010,NR,**,Asotin,,,,,1,,5.8,,0,4.5,0,242
2010,NR,,Benton,NR,,,,1,,5.8,12,,4.5,10,2530
2010,NR,**,Chelan,NR,,,**,1,,5.8,,,4.5,,1011
2010,NR,**,Clallam,NR,,,**,1,,5.8,,,4.5,,679
2010,,,Clark,,4.8,9.3,,1,3.8,5.8,21,6.8,4.5,37,5480
2010,NR,**,Columbia,,,,,1,,5.8,,0,4.5,0,39
2010,NR,**,Cowlitz,NR,,,**,1,,5.8,,,4.5,,1193
2010,NR,**,Douglas,,,,,1,,5.8,,0,4.5,0,524
2010,NR,**,Ferry,NR,,,**,1,,5.8,,,4.5,,64
2010,NR,**,Franklin,NR,,,**,1,,5.8,,,4.5,,1661
2010,,,Garfield,,,,,1,0,5.8,0,0,4.5,0,21
2010,NR,,Grant,NR,,,**,1,,5.8,13,,4.5,,1637
2010,NR,**,Grays Harbor,NR,,,**,1,,5.8,,,4.5,,846
2010,NR,**,Island,NR,,,**,1,,5.8,,,4.5,,929
2010,NR,**,Jefferson,NR,,,**,1,,5.8,,,4.5,,199
2010,,,King,,3.4,5.1,,1,5.7,5.8,140,4.2,4.5,103,24514
2010,NR,,Kitsap,NR,,,,1,,5.8,14,,4.5,14,2931
2010,NR,**,Kittitas,NR,,,**,1,,5.8,,,4.5,,424
2010,NR,**,Klickitat,NR,,,**,1,,5.8,,,4.5,,226
2010,NR,**,Lewis,NR,,,**,1,,5.8,,,4.5,,926
2010,,,Lincoln,,,,,1,0,5.8,0,0,4.5,0,95
2010,NR,**,Mason,NR,,,**,1,,5.8,,,4.5,,622
2010,NR,**,Okanogan,NR,,,**,1,,5.8,,,4.5,,570
2010,,,Pacific,NR,,,**,1,0,5.8,0,,4.5,,201
2010,,,Pend Oreille,,,,,1,0,5.8,0,0,4.5,0,119
2010,,,Pierce,,3.4,6.1,,1,6.1,5.8,65,4.6,4.5,49,10686
2010,,,San Juan,,,,,1,0,5.8,0,0,4.5,0,99
2010,NR,,Skagit,NR,,,**,1,,5.8,11,,4.5,,1471
2010,,,Skamania,NR,,,**,1,0,5.8,0,,4.5,,88
2010,,,Snohomish,,3,5.8,,1,6.2,5.8,56,4.2,4.5,38,9001
2010,,,Spokane,,3.1,6.8,,1,6,5.8,35,4.7,4.5,27,5788
2010,NR,**,Stevens,NR,,,**,1,,5.8,,,4.5,,431
2010,,,Thurston,,3.4,9.2,,1,7.1,5.8,21,5.8,4.5,17,2955
2010,,,Wahkiakum,,,,,1,0,5.8,0,0,4.5,0,33
2010,NR,**,Walla Walla,NR,,,**,1,,5.8,,,4.5,,660
2010,NR,,Whatcom,NR,,,,1,,5.8,11,,4.5,10,2321
2010,NR,**,Whitman,,,,,1,,5.8,,0,4.5,0,422
2010,,,Yakima,,3.3,7.9,,1,8.2,5.8,36,5.3,4.5,23,4374
2011,,,State Total,,4,4.9,,1,6.7,6.7,585,4.5,4.5,387,86929
2011,NR,**,Adams,NR,,,**,1,,6.7,,,4.5,,403
2011,NR,**,Asotin,NR,,,**,1,,6.7,,,4.5,,235
2011,NR,,Benton,NR,,,**,1,,6.7,12,,4.5,,2569
2011,NR,**,Chelan,NR,,,**,1,,6.7,,,4.5,,934
2011,NR,**,Clallam,NR,,,**,1,,6.7,,,4.5,,667
2011,,,Clark,,3.2,7.2,,1,4.6,6.7,25,4.9,4.5,27,5484
2011,NR,**,Columbia,,,,,1,,6.7,,0,4.5,0,36
2011,NR,**,Cowlitz,NR,,,**,1,,6.7,,,4.5,,1262
2011,NR,**,Douglas,NR,,,**,1,,6.7,,,4.5,,533
2011,NR,**,Ferry,,,,,1,,6.7,,0,4.5,0,72
2011,NR,,Franklin,NR,,,**,1,,6.7,11,,4.5,,1748
2011,NR,**,Garfield,,,,,1,,6.7,,0,4.5,0,18
2011,NR,,Grant,NR,,,**,1,,6.7,13,,4.5,,1587
2011,NR,**,Grays Harbor,NR,,,**,1,,6.7,,,4.5,,780
2011,NR,**,Island,NR,,,**,1,,6.7,,,4.5,,924
2011,,,Jefferson,NR,,,**,1,0,6.7,0,,4.5,,204
2011,,,King,,3.3,4.9,,1,6.1,6.7,151,4.1,4.5,100,24630
2011,,,Kitsap,,4.2,10.5,,1,8.1,6.7,24,6.8,4.5,20,2945
2011,NR,**,Kittitas,NR,,,**,1,,6.7,,,4.5,,394
2011,,,Klickitat,NR,,,**,1,0,6.7,0,,4.5,,205
2011,NR,**,Lewis,NR,,,**,1,,6.7,,,4.5,,877
2011,NR,**,Lincoln,NR,,,**,1,,6.7,,,4.5,,106
2011,NR,**,Mason,NR,,,**,1,,6.7,,,4.5,,618
2011,NR,**,Okanogan,NR,,,**,1,,6.7,,,4.5,,575
2011,NR,**,Pacific,NR,,,**,1,,6.7,,,4.5,,206
2011,NR,**,Pend Oreille,,,,,1,,6.7,,0,4.5,0,99
2011,,,Pierce,,3.7,6.4,,1,9.2,6.7,103,4.9,4.5,55,11240
2011,NR,**,San Juan,,,,,1,,6.7,,0,4.5,0,81
2011,NR,**,Skagit,NR,,,**,1,,6.7,,,4.5,,1453
2011,NR,**,Skamania,NR,,,**,1,,6.7,,,4.5,,114
2011,,,Snohomish,,2.6,5.2,,1,6.2,6.7,55,3.7,4.5,33,8925
2011,,,Spokane,,3.6,7.5,,1,4.8,6.7,28,5.3,4.5,31,5867
2011,NR,**,Stevens,NR,,,**,1,,6.7,,,4.5,,437
2011,,,Thurston,NR,,,,1,8.6,6.7,27,,4.5,12,3142
2011,,,Wahkiakum,,,,,1,0,6.7,0,0,4.5,0,22
2011,NR,**,Walla Walla,NR,,,**,1,,6.7,,,4.5,,659
2011,,,Whatcom,NR,,,**,1,8,6.7,18,,4.5,,2260
2011,NR,**,Whitman,NR,,,**,1,,6.7,,,4.5,,407
2011,,,Yakima,,2.5,6.8,,1,8.3,6.7,35,4.3,4.5,18,4211
2012,,,State Total,,4.6,5.6,,1,5.8,5.8,503,5.1,5.1,442,87417
2012,NR,**,Adams,NR,,,**,1,,5.8,,,5.1,,386
2012,NR,**,Asotin,,,,,1,,5.8,,0,5.1,0,238
2012,NR,,Benton,NR,,,,1,,5.8,10,,5.1,15,2559
2012,NR,**,Chelan,NR,,,**,1,,5.8,,,5.1,,922
2012,NR,**,Clallam,NR,,,**,1,,5.8,,,5.1,,646
2012,,,Clark,,3.8,8,,1,4.3,5.8,23,5.6,5.1,30,5362
2012,,,Columbia,,,,,1,0,5.8,0,0,5.1,0,31
2012,NR,**,Cowlitz,NR,,,**,1,,5.8,,,5.1,,1118
2012,NR,**,Douglas,NR,,,**,1,,5.8,,,5.1,,521
2012,,,Ferry,,,,,1,0,5.8,0,0,5.1,0,71
2012,NR,,Franklin,NR,,,**,1,,5.8,12,,5.1,,1671
2012,,,Garfield,,,,,1,0,5.8,0,0,5.1,0,17
2012,NR,,Grant,NR,,,**,1,,5.8,15,,5.1,,1597
2012,NR,**,Grays Harbor,NR,,,**,1,,5.8,,,5.1,,813
2012,NR,**,Island,NR,,,**,1,,5.8,,,5.1,,863
2012,,,Jefferson,NR,,,**,1,0,5.8,0,,5.1,,177
2012,,,King,,3.3,5,,1,5.2,5.8,131,4.1,5.1,102,25032
2012,,,Kitsap,,3.8,9.9,,1,6.7,5.8,20,6.4,5.1,19,2993
2012,NR,**,Kittitas,NR,,,**,1,,5.8,,,5.1,,410
2012,,,Klickitat,,,,,1,0,5.8,0,0,5.1,0,203
2012,NR,**,Lewis,NR,,,**,1,,5.8,,,5.1,,855
2012,,,Lincoln,,,,,1,0,5.8,0,0,5.1,0,94
2012,NR,**,Mason,NR,,,**,1,,5.8,,,5.1,,699
2012,NR,**,Okanogan,NR,,,**,1,,5.8,,,5.1,,538
2012,NR,**,Pacific,NR,,,**,1,,5.8,,,5.1,,205
2012,NR,**,Pend Oreille,,,,,1,,5.8,,0,5.1,0,122
2012,,,Pierce,,4.7,7.6,,1,7.5,5.8,85,6,5.1,68,11285
2012,,,San Juan,NR,,,**,1,0,5.8,0,,5.1,,65
2012,NR,**,Skagit,NR,,,**,1,,5.8,,,5.1,,1427
2012,,,Skamania,,,,,1,0,5.8,0,0,5.1,0,108
2012,,,Snohomish,,3.4,6.3,,1,6.8,5.8,63,4.7,5.1,43,9226
2012,,,Spokane,,4.9,9.3,,1,4.7,5.8,28,6.8,5.1,41,5997
2012,NR,**,Stevens,,,,,1,,5.8,,0,5.1,0,439
2012,,,Thurston,NR,,,,1,5.4,5.8,17,,5.1,15,3124
2012,,,Wahkiakum,,,,,1,0,5.8,0,0,5.1,0,39
2012,NR,**,Walla Walla,NR,,,**,1,,5.8,,,5.1,,696
2012,NR,,Whatcom,NR,,,,1,,5.8,10,,5.1,15,2259
2012,NR,**,Whitman,NR,,,**,1,,5.8,,,5.1,,487
2012,,,Yakima,,3.3,8.1,,1,7.5,5.8,31,5.3,5.1,22,4122
2013,,,State Total,,4,4.9,,1,6.2,6.2,535,4.4,4.4,382,86566
2013,NR,**,Adams,NR,,,**,1,,6.2,,,4.4,,400
2013,,,Asotin,,,,,1,0,6.2,0,0,4.4,0,239
2013,NR,,Benton,NR,,,,1,,6.2,16,,4.4,16,2513
2013,NR,**,Chelan,NR,,,**,1,,6.2,,,4.4,,901
2013,NR,**,Clallam,NR,,,**,1,,6.2,,,4.4,,664
2013,,,Clark,NR,,,,1,5.6,6.2,30,,4.4,12,5329
2013,,,Columbia,NR,,,**,1,0,6.2,0,,4.4,,35
2013,NR,**,Cowlitz,NR,,,**,1,,6.2,,,4.4,,1177
2013,NR,**,Douglas,NR,,,**,1,,6.2,,,4.4,,492
2013,NR,**,Ferry,NR,,,**,1,,6.2,,,4.4,,64
2013,NR,,Franklin,NR,,,**,1,,6.2,15,,4.4,,1618
2013,,,Garfield,,,,,1,0,6.2,0,0,4.4,0,20
2013,NR,**,Grant,NR,,,**,1,,6.2,,,4.4,,1469
2013,NR,**,Grays Harbor,NR,,,**,1,,6.2,,,4.4,,763
2013,NR,**,Island,NR,,,**,1,,6.2,,,4.4,,877
2013,NR,**,Jefferson,NR,,,**,1,,6.2,,,4.4,,205
2013,,,King,,3.5,5.2,,1,5.8,6.2,144,4.3,4.4,106,24910
2013,,,Kitsap,,3.5,9.6,,1,7.4,6.2,21,6,4.4,17,2836
2013,NR,**,Kittitas,NR,,,**,1,,6.2,,,4.4,,413
2013,,,Klickitat,,,,,1,0,6.2,0,0,4.4,0,204
2013,NR,**,Lewis,NR,,,**,1,,6.2,,,4.4,,877
2013,NR,**,Lincoln,,,,,1,,6.2,,0,4.4,0,95
2013,NR,**,Mason,NR,,,**,1,,6.2,,,4.4,,594
2013,NR,**,Okanogan,,,,,1,,6.2,,0,4.4,0,512
2013,NR,**,Pacific,NR,,,**,1,,6.2,,,4.4,,169
2013,NR,**,Pend Oreille,NR,,,**,1,,6.2,,,4.4,,113
2013,,,Pierce,,3.8,6.5,,1,6.7,6.2,74,5,4.4,56,11115
2013,,,San Juan,,,,,1,0,6.2,0,0,4.4,0,105
2013,NR,**,Skagit,NR,,,**,1,,6.2,,,4.4,,1439
2013,,,Skamania,,,,,1,0,6.2,0,0,4.4,0,99
2013,,,Snohomish,,2,4.3,,1,5,6.2,47,3,4.4,28,9406
2013,,,Spokane,,3.3,7.1,,1,6.9,6.2,42,5,4.4,30,6059
2013,NR,**,Stevens,NR,,,**,1,,6.2,,,4.4,,440
2013,,,Thurston,,3.5,9.4,,1,6.2,6.2,19,5.9,4.4,18,3042
2013,,,Wahkiakum,NR,,,**,1,0,6.2,0,,4.4,,28
2013,NR,,Walla Walla,,,,,1,,6.2,10,0,4.4,0,696
2013,NR,,Whatcom,NR,,,**,1,,6.2,12,,4.4,,2244
2013,NR,**,Whitman,NR,,,**,1,,6.2,,,4.4,,452
2013,,,Yakima,,3.9,9,,1,6.3,6.2,25,6.1,4.4,24,3952
2014,,,State Total,,4.1,5,,1,6.2,6.2,546,4.5,4.5,402,88561
2014,NR,**,Adams,NR,,,**,1,,6.2,,,4.5,,383
2014,,,Asotin,NR,,,**,1,0,6.2,0,,4.5,,255
2014,NR,,Benton,NR,,,**,1,,6.2,11,,4.5,,2660
2014,NR,**,Chelan,NR,,,**,1,,6.2,,,4.5,,935
2014,NR,**,Clallam,NR,,,**,1,,6.2,,,4.5,,689
2014,,,Clark,,2.5,6,,1,5.7,6.2,32,4,4.5,22,5571
2014,,,Columbia,,,,,1,0,6.2,0,0,4.5,0,38
2014,NR,**,Cowlitz,NR,,,**,1,,6.2,,,4.5,,1168
2014,NR,**,Douglas,NR,,,**,1,,6.2,,,4.5,,530
2014,,,Ferry,NR,,,**,1,0,6.2,0,,4.5,,85
2014,NR,,Franklin,NR,,,**,1,,6.2,15,,4.5,,1638
2014,,,Garfield,,,,,1,0,6.2,0,0,4.5,0,24
2014,NR,,Grant,NR,,,**,1,,6.2,13,,4.5,,1484
2014,NR,**,Grays Harbor,NR,,,**,1,,6.2,,,4.5,,766
2014,NR,**,Island,NR,,,**,1,,6.2,,,4.5,,880
2014,NR,**,Jefferson,NR,,,**,1,,6.2,,,4.5,,183
2014,,,King,,3.5,5.2,,1,5.8,6.2,146,4.3,4.5,109,25348
2014,,,Kitsap,NR,,,,1,5.5,6.2,17,,4.5,13,3068
2014,NR,**,Kittitas,NR,,,**,1,,6.2,,,4.5,,371
2014,NR,**,Klickitat,,,,,1,,6.2,,0,4.5,0,202
2014,NR,**,Lewis,NR,,,**,1,,6.2,,,4.5,,862
2014,,,Lincoln,NR,,,**,1,0,6.2,0,,4.5,,99
2014,NR,**,Mason,NR,,,**,1,,6.2,,,4.5,,611
2014,NR,**,Okanogan,NR,,,**,1,,6.2,,,4.5,,499
2014,NR,**,Pacific,NR,,,**,1,,6.2,,,4.5,,204
2014,NR,**,Pend Oreille,NR,,,**,1,,6.2,,,4.5,,112
2014,,,Pierce,,4.8,7.8,,1,7.1,6.2,83,6.2,4.5,72,11664
2014,,,San Juan,,,,,1,0,6.2,0,0,4.5,0,92
2014,NR,**,Skagit,NR,,,**,1,,6.2,,,4.5,,1429
2014,,,Skamania,NR,,,**,1,0,6.2,0,,4.5,,89
2014,,,Snohomish,,2.5,5,,1,5.8,6.2,55,3.6,4.5,34,9524
2014,,,Spokane,,3.6,7.5,,1,6.6,6.2,39,5.3,4.5,31,5892
2014,NR,**,Stevens,NR,,,**,1,,6.2,,,4.5,,468
2014,NR,,Thurston,NR,,,,1,,6.2,15,,4.5,13,3184
2014,,,Wahkiakum,,,,,1,0,6.2,0,0,4.5,0,28
2014,NR,**,Walla Walla,NR,,,**,1,,6.2,,,4.5,,664
2014,,,Whatcom,NR,,,**,1,7.9,6.2,18,,4.5,,2286
2014,NR,**,Whitman,NR,,,**,1,,6.2,,,4.5,,441
2014,,,Yakima,,2.8,7.2,,1,8,6.2,33,4.6,4.5,19,4135
2016,,,Clark,,2.7,6.3,,1,5.6,5.6,32,4.2,4.3,24,5665
2016,,,Columbia,,,,,1,0,5.6,0,0,4.3,0,39
2016,,,Garfield,,,,,1,0,5.6,0,0,4.3,0,31
2016,,,King,,3.1,4.6,,1,5.8,5.6,151,3.8,4.3,99,26011
2016,,,Pierce,,3.3,5.8,,1,5.6,5.6,66,4.4,4.3,52,11757
2016,,,San Juan,,,,,1,0,5.6,0,0,4.3,0,74
2016,,,Skamania,,,,,1,0,5.6,0,0,4.3,0,97
2016,,,Snohomish,,3.4,6.2,,1,4.7,5.6,47,4.7,4.3,47,10045
2016,,,Spokane,,2.5,5.8,,1,4.7,5.6,29,3.9,4.3,24,6143
2016,,,State Total,,3.9,4.8,,1,5.6,5.6,509,4.3,4.3,390,90489
2016,,,Stevens,,,,,1,0,5.6,0,0,4.3,0,440
2016,,,Wahkiakum,,,,,1,0,5.6,0,0,4.3,0,18
2016,,,Yakima,,2.7,7.2,,1,7.9,5.6,31,4.6,4.3,18,3935
2020,,,Benton,,4.3,11.4,,1,6.8,5.6,17,7.2,4.5,18,2486
2020,,,Clark,,3.5,7.6,,1,5.1,5.6,27,5.2,4.5,28,5344
2020,,,Columbia,,,,,1,0,5.6,0,0,4.5,0,33
2020,,,Garfield,,,,,1,0,5.6,0,0,4.5,0,18
2020,,,Jefferson,,,,,1,0,5.6,0,0,4.5,0,129
2020,,,King,,3.4,5.1,,1,5.3,5.6,126,4.2,4.5,98,23638
2020,,,Lincoln,,,,,1,0,5.6,0,0,4.5,0,117
2020,,,Pierce,,3.3,5.9,,1,5.7,5.6,63,4.4,4.5,49,11045
2020,,,San Juan,,,,,1,0,5.6,0,0,4.5,0,110
2020,,,Snohomish,,2.3,4.8,,1,5.8,5.6,55,3.4,4.5,32,9339
2020,,,Spokane,,2.3,5.6,,1,5.9,5.6,34,3.7,4.5,21,5718
2020,,,State Total,,4,5,,1,5.6,5.6,465,4.5,4.5,373,83101
2020,,,Wahkiakum,,,,,1,0,5.6,0,0,4.5,0,26
2020,,,Yakima,,3.2,8.3,,1,6.2,5.6,22,5.3,4.5,19,3563
2015,,,Clark,,2.8,6.4,,1,5.2,5.7,29,4.3,4.8,24,5561
2015,,,Columbia,,,,,1,0,5.7,0,0,4.8,0,36
2015,,,Ferry,,,,,1,0,5.7,0,0,4.8,0,56
2015,,,Garfield,,,,,1,0,5.7,0,0,4.8,0,30
2015,,,King,,3,4.5,,1,4.9,5.7,126,3.7,4.8,93,25487
2015,,,Kitsap,,3.5,9.3,,1,5.9,5.7,18,5.9,4.8,18,3060
2015,,,Pierce,,4.1,6.9,,1,8,5.7,92,5.4,4.8,62,11541
2015,,,Skamania,,,,,1,0,5.7,0,0,4.8,0,95
2015,,,Snohomish,,2.9,5.6,,1,4.3,5.7,42,4.1,4.8,40,9766
2015,,,Spokane,,4.2,8.3,,1,5.8,5.7,35,6,4.8,36,6042
2015,,,State Total,,4.4,5.3,,1,5.7,5.7,510,4.8,4.8,431,89000
2015,,,Wahkiakum,,,,,1,0,5.7,0,0,4.8,0,25
2019,,,Clark,,2.8,6.4,,1,3.4,5.9,19,4.3,4.3,24,5577
2019,,,Garfield,,,,,1,0,5.9,0,0,4.3,0,21
2019,,,King,,3.3,5,,1,5.7,5.9,138,4.1,4.3,98,24090
2019,,,Klickitat,,,,,1,0,5.9,0,0,4.3,0,213
2019,,,Pacific,,,,,1,0,5.9,0,0,4.3,0,162
2019,,,Pierce,,3.4,6.1,,1,8.1,5.9,89,4.6,4.3,51,11051
2019,,,Snohomish,,1.6,3.7,,1,4.2,5.9,41,2.5,4.3,24,9669
2019,,,Spokane,,2.9,6.6,,1,7.7,5.9,45,4.5,4.3,26,5809
2019,,,State Total,,3.9,4.8,,1,5.9,5.9,502,4.3,4.3,365,84918
2018,,,Clark,,2.1,5.4,,1,4.4,5.9,24,3.5,4.7,19,5471
2018,,,Columbia,,,,,1,0,5.9,0,0,4.7,0,34
2018,,,King,,3.4,5.1,,1,5.6,5.9,136,4.2,4.7,102,24337
2018,,,Lincoln,,,,,1,0,5.9,0,0,4.7,0,105
2018,,,Pierce,,5,8,,1,7.6,5.9,87,6.4,4.7,73,11462
2018,,,San Juan,,,,,1,0,5.9,0,0,4.7,0,85
2018,,,Snohomish,,2.7,5.2,,1,4,5.9,39,3.8,4.7,37,9754
2018,,,Spokane,,3.5,7.5,,1,6.3,5.9,36,5.2,4.7,30,5728
2018,,,State Total,,4.2,5.1,,1,5.9,5.9,507,4.7,4.7,400,86046
2018,,,Thurston,,3.7,9.6,,1,8.7,5.9,27,6.1,4.7,19,3105
2018,,,Yakima,,3.3,8.4,,1,7.3,5.9,27,5.4,4.7,20,3688
2017,,,Clark,,3.1,6.9,,1,5.1,6.1,28,4.7,3.9,26,5514
2017,,,Columbia,,,,,1,0,6.1,0,0,3.9,0,35
2017,,,Garfield,,,,,1,0,6.1,0,0,3.9,0,25
2017,,,King,,2.7,4.1,,1,5.9,6.1,149,3.3,3.9,84,25274
2017,,,Pierce,,3.1,5.6,,1,6.8,6.1,77,4.3,3.9,48,11285
2017,,,San Juan,,,,,1,0,6.1,0,0,3.9,0,84
2017,,,Skamania,,,,,1,0,6.1,0,0,3.9,0,100
2017,,,Snohomish,,3,5.6,,1,5.5,6.1,54,4.2,3.9,41,9877
2017,,,Spokane,,2.6,6.1,,1,8.5,6.1,50,4.1,3.9,24,5886
2017,,,State Total,,3.5,4.4,,1,6.1,6.1,532,3.9,3.9,344,87508
2017,,,Wahkiakum,,,,,1,0,6.1,0,0,3.9,0,27
2017,,,Whitman,,,,,1,0,6.1,0,0,3.9,0,418
2020,NR,,Thurston,,3.6,9.7,,1,,5.6,12,6.1,4.5,18,2942
2015,NR,,Thurston,,3.7,9.7,,1,,5.7,15,6.2,4.8,19,3072
2019,NR,,Kitsap,,4.4,10.9,,1,,5.9,11,7.1,4.3,21,2952
2016,NR,**,Clallam,,,,,1,,5.6,,0,4.3,0,656
2016,NR,**,Ferry,,,,,1,,5.6,,0,4.3,0,80
2016,NR,**,Klickitat,,,,,1,,5.6,,0,4.3,0,189
2016,NR,**,Whitman,,,,,1,,5.6,,0,4.3,0,423
2020,NR,**,Pacific,,,,,1,,5.6,,0,4.5,0,177
2020,NR,**,Stevens,,,,,1,,5.6,,0,4.5,0,407
2015,NR,**,Adams,,,,,1,,5.7,,0,4.8,0,350
2015,NR,**,Klickitat,,,,,1,,5.7,,0,4.8,0,189
2015,NR,**,Pend Oreille,,,,,1,,5.7,,0,4.8,0,133
2019,NR,**,Wahkiakum,,,,,1,,5.9,,0,4.3,0,21
2018,NR,**,Douglas,,,,,1,,5.9,,0,4.7,0,486
2018,NR,**,Walla Walla,,,,,1,,5.9,,0,4.7,0,604
2017,NR,**,Lincoln,,,,,1,,6.1,,0,3.9,0,107
2016,,,Benton,NR,,,,1,7.2,5.6,20,,4.3,13,2760
2015,,,Whatcom,NR,,,,1,8,5.7,19,,4.8,14,2373
2015,,,Yakima,NR,,,,1,5,5.7,20,,4.8,16,3995
2019,,,Thurston,NR,,,,1,8.2,5.9,25,,4.3,14,3063
2019,,,Yakima,NR,,,,1,5.4,5.9,19,,4.3,10,3489
2018,,,Benton,NR,,,,1,6.7,5.9,17,,4.7,10,2551
2018,,,Kitsap,NR,,,,1,6.3,5.9,19,,4.7,16,2994
2017,,,Benton,NR,,,,1,8.2,6.1,21,,3.9,15,2563
2017,,,Kitsap,NR,,,,1,6.4,6.1,19,,3.9,12,2978
2017,,,Yakima,NR,,,,1,5,6.1,19,,3.9,16,3788
2016,NR,,Kitsap,NR,,,,1,,5.6,16,,4.3,10,3148
2016,NR,,Thurston,NR,,,,1,,5.6,16,,4.3,16,3203
2020,NR,,Kitsap,NR,,,,1,,5.6,16,,4.5,14,2794
2020,NR,,Whatcom,NR,,,,1,,5.6,14,,4.5,12,2003
2019,NR,,Benton,NR,,,,1,,5.9,15,,4.3,14,2533
2016,NR,**,Grant,NR,,,,1,,5.6,,,4.3,11,1472
2015,NR,**,Benton,NR,,,,1,,5.7,,,4.8,15,2668
2015,NR,**,Lewis,NR,,,,1,,5.7,,,4.8,14,892
2019,NR,**,Grant,NR,,,,1,,5.9,,,4.3,10,1428
2017,NR,**,Cowlitz,NR,,,,1,,6.1,,,3.9,12,1294
2016,,,Lincoln,NR,,,**,1,0,5.6,0,,4.3,,101
2016,,,Whatcom,NR,,,**,1,8.8,5.6,20,,4.3,,2279
2020,,,Ferry,NR,,,**,1,0,5.6,0,,4.5,,64
2020,,,Whitman,NR,,,**,1,0,5.6,0,,4.5,,378
2015,,,Lincoln,NR,,,**,1,0,5.7,0,,4.8,,97
2015,,,Pacific,NR,,,**,1,0,5.7,0,,4.8,,193
2015,,,Skagit,NR,,,**,1,12.5,5.7,18,,4.8,,1442
2015,,,Whitman,NR,,,**,1,0,5.7,0,,4.8,,444
2019,,,Asotin,NR,,,**,1,0,5.9,0,,4.3,,217
2019,,,Columbia,NR,,,**,1,0,5.9,0,,4.3,,30
2019,,,Douglas,NR,,,**,1,0,5.9,0,,4.3,,480
2019,,,Lincoln,NR,,,**,1,0,5.9,0,,4.3,,89
2019,,,San Juan,NR,,,**,1,0,5.9,0,,4.3,,100
2019,,,Whatcom,NR,,,**,1,10,5.9,20,,4.3,,1992
2018,,,Ferry,NR,,,**,1,0,5.9,0,,4.7,,64
2018,,,Garfield,NR,,,**,1,0,5.9,0,,4.7,,23
2018,,,Pacific,NR,,,**,1,0,5.9,0,,4.7,,172
2018,,,Skamania,NR,,,**,1,0,5.9,0,,4.7,,93
2018,,,Wahkiakum,NR,,,**,1,0,5.9,0,,4.7,,36
2017,,,Ferry,NR,,,**,1,0,6.1,0,,3.9,,71
2017,,,Kittitas,NR,,,**,1,0,6.1,0,,3.9,,420
2017,,,Klickitat,NR,,,**,1,0,6.1,0,,3.9,,216
2017,,,Stevens,NR,,,**,1,0,6.1,0,,3.9,,432
2016,NR,,Skagit,NR,,,**,1,,5.6,12,,4.3,,1515
2020,NR,,Grant,NR,,,**,1,,5.6,10,,4.5,,1381
2015,NR,,Franklin,NR,,,**,1,,5.7,10,,4.8,,1669
2015,NR,,Grant,NR,,,**,1,,5.7,12,,4.8,,1501
2019,NR,,Lewis,NR,,,**,1,,5.9,11,,4.3,,922
2018,NR,,Skagit,NR,,,**,1,,5.9,10,,4.7,,1387
2018,NR,,Whatcom,NR,,,**,1,,5.9,13,,4.7,,2161
2017,NR,,Grant,NR,,,**,1,,6.1,10,,3.9,,1444
2017,NR,,Skagit,NR,,,**,1,,6.1,10,,3.9,,1430
2017,NR,,Thurston,NR,,,**,1,,6.1,14,,3.9,,3071
2017,NR,,Whatcom,NR,,,**,1,,6.1,15,,3.9,,2164
2016,NR,**,Adams,NR,,,**,1,,5.6,,,4.3,,374
2016,NR,**,Asotin,NR,,,**,1,,5.6,,,4.3,,231
2016,NR,**,Chelan,NR,,,**,1,,5.6,,,4.3,,924
2016,NR,**,Cowlitz,NR,,,**,1,,5.6,,,4.3,,1285
2016,NR,**,Douglas,NR,,,**,1,,5.6,,,4.3,,516
2016,NR,**,Franklin,NR,,,**,1,,5.6,,,4.3,,1635
2016,NR,**,Grays Harbor,NR,,,**,1,,5.6,,,4.3,,770
2016,NR,**,Island,NR,,,**,1,,5.6,,,4.3,,945
2016,NR,**,Jefferson,NR,,,**,1,,5.6,,,4.3,,192
2016,NR,**,Kittitas,NR,,,**,1,,5.6,,,4.3,,406
2016,NR,**,Lewis,NR,,,**,1,,5.6,,,4.3,,970
2016,NR,**,Mason,NR,,,**,1,,5.6,,,4.3,,669
2016,NR,**,Okanogan,NR,,,**,1,,5.6,,,4.3,,510
2016,NR,**,Pacific,NR,,,**,1,,5.6,,,4.3,,203
2016,NR,**,Pend Oreille,NR,,,**,1,,5.6,,,4.3,,117
2016,NR,**,Walla Walla,NR,,,**,1,,5.6,,,4.3,,661
2020,NR,**,Adams,NR,,,**,1,,5.6,,,4.5,,328
2020,NR,**,Asotin,NR,,,**,1,,5.6,,,4.5,,212
2020,NR,**,Chelan,NR,,,**,1,,5.6,,,4.5,,794
2020,NR,**,Clallam,NR,,,**,1,,5.6,,,4.5,,606
2020,NR,**,Cowlitz,NR,,,**,1,,5.6,,,4.5,,1236
2020,NR,**,Douglas,NR,,,**,1,,5.6,,,4.5,,465
2020,NR,**,Franklin,NR,,,**,1,,5.6,,,4.5,,1477
2020,NR,**,Grays Harbor,NR,,,**,1,,5.6,,,4.5,,683
2020,NR,**,Island,NR,,,**,1,,5.6,,,4.5,,787
2020,NR,**,Kittitas,NR,,,**,1,,5.6,,,4.5,,392
2020,NR,**,Klickitat,NR,,,**,1,,5.6,,,4.5,,202
2020,NR,**,Lewis,NR,,,**,1,,5.6,,,4.5,,890
2020,NR,**,Mason,NR,,,**,1,,5.6,,,4.5,,669
2020,NR,**,Okanogan,NR,,,**,1,,5.6,,,4.5,,419
2020,NR,**,Pend Oreille,NR,,,**,1,,5.6,,,4.5,,110
2020,NR,**,Skagit,NR,,,**,1,,5.6,,,4.5,,1350
2020,NR,**,Skamania,NR,,,**,1,,5.6,,,4.5,,109
2020,NR,**,Walla Walla,NR,,,**,1,,5.6,,,4.5,,559
2015,NR,**,Asotin,NR,,,**,1,,5.7,,,4.8,,228
2015,NR,**,Chelan,NR,,,**,1,,5.7,,,4.8,,954
2015,NR,**,Clallam,NR,,,**,1,,5.7,,,4.8,,672
2015,NR,**,Cowlitz,NR,,,**,1,,5.7,,,4.8,,1233
2015,NR,**,Douglas,NR,,,**,1,,5.7,,,4.8,,549
2015,NR,**,Grays Harbor,NR,,,**,1,,5.7,,,4.8,,779
2015,NR,**,Island,NR,,,**,1,,5.7,,,4.8,,952
2015,NR,**,Jefferson,NR,,,**,1,,5.7,,,4.8,,187
2015,NR,**,Kittitas,NR,,,**,1,,5.7,,,4.8,,422
2015,NR,**,Mason,NR,,,**,1,,5.7,,,4.8,,627
2015,NR,**,Okanogan,NR,,,**,1,,5.7,,,4.8,,490
2015,NR,**,San Juan,NR,,,**,1,,5.7,,,4.8,,85
2015,NR,**,Stevens,NR,,,**,1,,5.7,,,4.8,,431
2015,NR,**,Walla Walla,NR,,,**,1,,5.7,,,4.8,,674
2019,NR,**,Adams,NR,,,**,1,,5.9,,,4.3,,380
2019,NR,**,Chelan,NR,,,**,1,,5.9,,,4.3,,882
2019,NR,**,Clallam,NR,,,**,1,,5.9,,,4.3,,587
2019,NR,**,Cowlitz,NR,,,**,1,,5.9,,,4.3,,1238
2019,NR,**,Ferry,NR,,,**,1,,5.9,,,4.3,,70
2019,NR,**,Franklin,NR,,,**,1,,5.9,,,4.3,,1524
2019,NR,**,Grays Harbor,NR,,,**,1,,5.9,,,4.3,,714
2019,NR,**,Island,NR,,,**,1,,5.9,,,4.3,,894
2019,NR,**,Jefferson,NR,,,**,1,,5.9,,,4.3,,199
2019,NR,**,Kittitas,NR,,,**,1,,5.9,,,4.3,,394
2019,NR,**,Mason,NR,,,**,1,,5.9,,,4.3,,620
2019,NR,**,Okanogan,NR,,,**,1,,5.9,,,4.3,,459
2019,NR,**,Pend Oreille,NR,,,**,1,,5.9,,,4.3,,116
2019,NR,**,Skagit,NR,,,**,1,,5.9,,,4.3,,1392
2019,NR,**,Skamania,NR,,,**,1,,5.9,,,4.3,,100
2019,NR,**,Stevens,NR,,,**,1,,5.9,,,4.3,,375
2019,NR,**,Walla Walla,NR,,,**,1,,5.9,,,4.3,,618
2019,NR,**,Whitman,NR,,,**,1,,5.9,,,4.3,,348
2018,NR,**,Adams,NR,,,**,1,,5.9,,,4.7,,384
2018,NR,**,Asotin,NR,,,**,1,,5.9,,,4.7,,256
2018,NR,**,Chelan,NR,,,**,1,,5.9,,,4.7,,852
2018,NR,**,Clallam,NR,,,**,1,,5.9,,,4.7,,598
2018,NR,**,Cowlitz,NR,,,**,1,,5.9,,,4.7,,1234
2018,NR,**,Franklin,NR,,,**,1,,5.9,,,4.7,,1512
2018,NR,**,Grant,NR,,,**,1,,5.9,,,4.7,,1495
2018,NR,**,Grays Harbor,NR,,,**,1,,5.9,,,4.7,,756
2018,NR,**,Island,NR,,,**,1,,5.9,,,4.7,,878
2018,NR,**,Jefferson,NR,,,**,1,,5.9,,,4.7,,187
2018,NR,**,Kittitas,NR,,,**,1,,5.9,,,4.7,,409
2018,NR,**,Klickitat,NR,,,**,1,,5.9,,,4.7,,216
2018,NR,**,Lewis,NR,,,**,1,,5.9,,,4.7,,879
2018,NR,**,Mason,NR,,,**,1,,5.9,,,4.7,,634
2018,NR,**,Okanogan,NR,,,**,1,,5.9,,,4.7,,472
2018,NR,**,Pend Oreille,NR,,,**,1,,5.9,,,4.7,,114
2018,NR,**,Stevens,NR,,,**,1,,5.9,,,4.7,,429
2018,NR,**,Whitman,NR,,,**,1,,5.9,,,4.7,,361
2017,NR,**,Adams,NR,,,**,1,,6.1,,,3.9,,392
2017,NR,**,Asotin,NR,,,**,1,,6.1,,,3.9,,182
2017,NR,**,Chelan,NR,,,**,1,,6.1,,,3.9,,851
2017,NR,**,Clallam,NR,,,**,1,,6.1,,,3.9,,661
2017,NR,**,Douglas,NR,,,**,1,,6.1,,,3.9,,560
2017,NR,**,Franklin,NR,,,**,1,,6.1,,,3.9,,1574
2017,NR,**,Grays Harbor,NR,,,**,1,,6.1,,,3.9,,699
2017,NR,**,Island,NR,,,**,1,,6.1,,,3.9,,935
2017,NR,**,Jefferson,NR,,,**,1,,6.1,,,3.9,,165
2017,NR,**,Lewis,NR,,,**,1,,6.1,,,3.9,,883
2017,NR,**,Mason,NR,,,**,1,,6.1,,,3.9,,643
2017,NR,**,Okanogan,NR,,,**,1,,6.1,,,3.9,,503
2017,NR,**,Pacific,NR,,,**,1,,6.1,,,3.9,,177
2017,NR,**,Pend Oreille,NR,,,**,1,,6.1,,,3.9,,120
2017,NR,**,Walla Walla,NR,,,**,1,,6.1,,,3.9,,613